ID,Transaction_Price,Publication_Time,type,[z]
任务编号：258495,360.0,2014-04-25,订单,1
任务编号：323239,200.0,2014-12-20,订单,1
任务编号：323240,200.0,2014-12-20,订单,1
任务编号：323242,200.0,2014-12-20,订单,1
任务编号：323243,200.0,2014-12-20,订单,1
任务编号：322651,110.0,2014-12-17,订单,1
任务编号：322551,400.0,2014-12-17,订单,1
任务编号：315924,150.0,2014-11-12,订单,1
任务编号：315352,300.0,2014-11-09,订单,1
任务编号：325407,12510.0,2014-12-31,订单,1
任务编号：325353,800.0,2014-12-31,订单,1
任务编号：324894,800.0,2014-12-29,订单,1
任务编号：324429,800.0,2014-12-26,订单,1
任务编号：324085,30000.0,2014-12-24,订单,1
任务编号：323939,5000.0,2014-12-23,订单,1
任务编号：323736,2000.0,2014-12-23,订单,1
任务编号：323416,3500.0,2014-12-22,订单,1
任务编号：323308,1000.0,2014-12-21,订单,1
任务编号：323097,3800.0,2014-12-19,订单,1
任务编号：322557,5000.0,2014-12-17,订单,1
任务编号：321983,1500.0,2014-12-15,订单,1
任务编号：321708,1000.0,2014-12-12,订单,1
任务编号：321325,9000.0,2014-12-10,订单,1
任务编号：320900,1500.0,2014-12-08,订单,1
任务编号：320574,150.0,2014-12-06,订单,1
任务编号：320085,1500.0,2014-12-03,订单,1
任务编号：319994,8000.0,2014-12-03,订单,1
任务编号：319604,4000.0,2014-12-01,订单,1
任务编号：319584,5000.0,2014-12-01,订单,1
任务编号：319379,1000.0,2014-11-30,订单,1
任务编号：319167,8000.0,2014-11-28,订单,1
任务编号：318487,2000.0,2014-11-25,订单,1
任务编号：318245,18880.0,2014-11-24,订单,1
任务编号：317871,500.0,2014-11-21,订单,1
任务编号：317222,3000.0,2014-11-19,订单,1
任务编号：316716,5000.0,2014-11-17,订单,1
任务编号：316816,150.0,2014-11-17,订单,1
任务编号：316391,1600.0,2014-11-14,订单,1
任务编号：316388,5000.0,2014-11-14,订单,1
任务编号：315738,1000.0,2014-11-11,订单,1
任务编号：315555,32000.0,2014-11-10,订单,1
任务编号：315451,500.0,2014-11-10,订单,1
任务编号：315446,5000.0,2014-11-10,订单,1
任务编号：314672,15000.0,2014-11-05,订单,1
任务编号：314421,1200.0,2014-11-04,订单,1
任务编号：313977,2500.0,2014-11-02,订单,1
任务编号：313935,5000.0,2014-11-02,订单,1
任务编号：313316,870.0,2014-10-29,订单,1
任务编号：313248,1500.0,2014-10-29,订单,1
任务编号：312634,900.0,2014-10-26,订单,1
任务编号：311581,4200.0,2014-10-20,订单,1
任务编号：311147,500.0,2014-10-17,订单,1
任务编号：311156,10000.0,2014-10-17,订单,1
任务编号：310112,500.0,2014-10-12,订单,1
任务编号：310082,700.0,2014-10-12,订单,1
任务编号：309388,1300.0,2014-10-08,订单,1
任务编号：308061,900.0,2014-09-26,订单,1
任务编号：308014,1000.0,2014-09-26,订单,1
任务编号：307902,3000.0,2014-09-25,订单,1
任务编号：307487,1500.0,2014-09-23,订单,1
任务编号：306409,3200.0,2014-09-17,订单,1
任务编号：306407,5000.0,2014-09-17,订单,1
任务编号：305200,800.0,2014-09-11,订单,1
任务编号：305133,2100.0,2014-09-11,订单,1
任务编号：305055,6000.0,2014-09-10,订单,1
任务编号：304741,12000.0,2014-09-07,订单,1
任务编号：304476,7000.0,2014-09-05,订单,1
任务编号：302974,3500.0,2014-08-28,订单,1
任务编号：302465,2000.0,2014-08-25,订单,1
任务编号：302412,6000.0,2014-08-25,订单,1
任务编号：301672,20000.0,2014-08-20,订单,1
任务编号：301319,1500.0,2014-08-19,订单,1
任务编号：301291,800.0,2014-08-19,订单,1
任务编号：301194,1000.0,2014-08-18,订单,1
任务编号：300652,950.0,2014-08-14,订单,1
任务编号：300369,500.0,2014-08-13,订单,1
任务编号：300164,2000.0,2014-08-12,订单,1
任务编号：300001,1000.0,2014-08-11,订单,1
任务编号：299959,9800.0,2014-08-11,订单,1
任务编号：299965,20000.0,2014-08-11,订单,1
任务编号：299296,1800.0,2014-08-07,订单,1
任务编号：298755,12000.0,2014-08-05,订单,1
任务编号：297841,1000.0,2014-07-31,订单,1
任务编号：297517,1000.0,2014-07-29,订单,1
任务编号：297351,4500.0,2014-07-29,订单,1
任务编号：297196,1000.0,2014-07-28,订单,1
任务编号：297010,2680.0,2014-07-26,订单,1
任务编号：296206,1000.0,2014-07-22,订单,1
任务编号：295787,1000.0,2014-07-19,订单,1
任务编号：294672,600.0,2014-07-13,订单,1
任务编号：294346,2300.0,2014-07-10,订单,1
任务编号：294302,200.0,2014-07-10,订单,1
任务编号：293232,2000.0,2014-07-03,订单,1
任务编号：293058,6000.0,2014-07-02,订单,1
任务编号：293031,3500.0,2014-07-02,订单,1
任务编号：293041,1000.0,2014-07-02,订单,1
任务编号：292757,150.0,2014-07-01,订单,1
任务编号：292664,10000.0,2014-07-01,订单,1
任务编号：292618,300.0,2014-06-30,订单,1
任务编号：291917,6000.0,2014-06-25,订单,1
任务编号：291890,800.0,2014-06-25,订单,1
任务编号：291273,5000.0,2014-06-21,订单,1
任务编号：290670,3500.0,2014-06-17,订单,1
任务编号：290211,1000.0,2014-06-14,订单,1
任务编号：289989,1000.0,2014-06-12,订单,1
任务编号：289858,999.0,2014-06-11,订单,1
任务编号：289670,1000.0,2014-06-10,订单,1
任务编号：289561,5000.0,2014-06-10,订单,1
任务编号：289551,200.0,2014-06-10,订单,1
任务编号：289549,2800.0,2014-06-09,订单,1
任务编号：289020,10000.0,2014-06-06,订单,1
任务编号：288583,30000.0,2014-06-03,订单,1
任务编号：287873,1000.0,2014-05-28,订单,1
任务编号：287479,150.0,2014-05-25,订单,1
任务编号：287292,800.0,2014-05-23,订单,1
任务编号：287199,800.0,2014-05-22,订单,1
任务编号：287244,1000.0,2014-05-23,订单,1
任务编号：286389,5000.0,2014-05-17,订单,1
任务编号：286317,15000.0,2014-05-16,订单,1
任务编号：286288,800.0,2014-05-16,订单,1
任务编号：285428,850.0,2014-05-12,订单,1
任务编号：285214,2200.0,2014-05-09,订单,1
任务编号：285134,2000.0,2014-05-09,订单,1
任务编号：284881,4000.0,2014-05-07,订单,1
任务编号：284394,5000.0,2014-05-05,订单,1
任务编号：284198,1000.0,2014-05-03,订单,1
任务编号：283938,1200.0,2014-04-30,订单,1
任务编号：283934,600.0,2014-04-30,订单,1
任务编号：283469,200.0,2014-04-28,订单,1
任务编号：283448,3000.0,2014-04-28,订单,1
任务编号：283439,350.0,2014-04-28,订单,1
任务编号：258341,1000.0,2014-04-24,订单,1
任务编号：258293,700.0,2014-04-23,订单,1
任务编号：257914,400.0,2014-04-21,订单,1
任务编号：257194,1000.0,2014-04-16,订单,1
任务编号：255795,800.0,2014-04-10,订单,1
任务编号：253998,1000.0,2014-03-27,订单,1
任务编号：253691,500.0,2014-03-25,订单,1
任务编号：253402,20000.0,2014-03-23,订单,1
任务编号：253037,800.0,2014-03-20,订单,1
任务编号：253006,1000.0,2014-03-20,订单,1
任务编号：252244,5000.0,2014-03-15,订单,1
任务编号：251708,3000.0,2014-03-12,订单,1
任务编号：251471,800.0,2014-03-10,订单,1
任务编号：249578,3500.0,2014-02-25,订单,1
任务编号：249270,1000.0,2014-02-23,订单,1
任务编号：249198,500.0,2014-02-22,订单,1
任务编号：249173,600.0,2014-02-21,订单,1
任务编号：248555,8000.0,2014-02-18,订单,1
任务编号：248230,3500.0,2014-02-14,订单,1
任务编号：248113,4000.0,2014-02-13,订单,1
任务编号：248018,550.0,2014-02-13,订单,1
任务编号：247269,550.0,2014-02-06,订单,1
任务编号：246955,550.0,2014-01-26,订单,1
任务编号：246766,2000.0,2014-01-24,订单,1
任务编号：246628,300.0,2014-01-23,订单,1
任务编号：246359,500.0,2014-01-21,订单,1
任务编号：246287,1800.0,2014-01-20,订单,1
任务编号：244859,800.0,2014-01-08,订单,1
任务编号：244857,888.0,2014-01-08,订单,1
任务编号：316179,2000.0,2014-11-13,订单,1
任务编号：315162,100.0,2014-11-07,订单,1
任务编号：314834,700.0,2014-11-06,订单,1
任务编号：304744,3000.0,2014-09-07,订单,1
任务编号：325368,10000.0,2014-12-31,订单,1
任务编号：325342,300.0,2014-12-31,订单,1
任务编号：325214,1500.0,2014-12-30,订单,1
任务编号：324615,5000.0,2014-12-26,订单,1
任务编号：324573,1500.0,2014-12-26,订单,1
任务编号：324570,2500.0,2014-12-26,订单,1
任务编号：324529,2300.0,2014-12-26,订单,1
任务编号：324486,1000.0,2014-12-26,订单,1
任务编号：324233,1500.0,2014-12-25,订单,1
任务编号：323878,10000.0,2014-12-23,订单,1
任务编号：323810,3000.0,2014-12-23,订单,1
任务编号：323732,500.0,2014-12-23,订单,1
任务编号：323661,575.0,2014-12-22,订单,1
任务编号：323649,4200.0,2014-12-22,订单,1
任务编号：323631,5000.0,2014-12-22,订单,1
任务编号：323618,3000.0,2014-12-22,订单,1
任务编号：323604,800.0,2014-12-22,订单,1
任务编号：323546,300.0,2014-12-22,订单,1
任务编号：323347,600.0,2014-12-21,订单,1
任务编号：323229,1500.0,2014-12-20,订单,1
任务编号：323096,800.0,2014-12-19,订单,1
任务编号：323013,800.0,2014-12-19,订单,1
任务编号：322907,15000.0,2014-12-18,订单,1
任务编号：322788,2000.0,2014-12-18,订单,1
任务编号：322725,4000.0,2014-12-18,订单,1
任务编号：322639,300.0,2014-12-17,订单,1
任务编号：322213,500.0,2014-12-16,订单,1
任务编号：321958,200.0,2014-12-14,订单,1
任务编号：321976,200.0,2014-12-15,订单,1
任务编号：321748,500.0,2014-12-12,订单,1
任务编号：321633,100.0,2014-12-12,订单,1
任务编号：321559,10000.0,2014-12-11,订单,1
任务编号：321402,841.0,2014-12-11,订单,1
任务编号：321203,6000.0,2014-12-10,订单,1
任务编号：321037,6000.0,2014-12-09,订单,1
任务编号：320894,100.0,2014-12-08,订单,1
任务编号：320831,12800.0,2014-12-08,订单,1
任务编号：320737,100.0,2014-12-08,订单,1
任务编号：320710,1800.0,2014-12-08,订单,1
任务编号：320687,350.0,2014-12-07,订单,1
任务编号：320475,13000.0,2014-12-05,订单,1
任务编号：320337,400.0,2014-12-05,订单,1
任务编号：320229,2000.0,2014-12-04,订单,1
任务编号：320191,200.0,2014-12-04,订单,1
任务编号：320017,3000.0,2014-12-03,订单,1
任务编号：320062,800.0,2014-12-03,订单,1
任务编号：319879,1500.0,2014-12-02,订单,1
任务编号：319882,100.0,2014-12-02,订单,1
任务编号：319792,350.0,2014-12-02,订单,1
任务编号：319764,500.0,2014-12-02,订单,1
任务编号：319608,1500.0,2014-12-01,订单,1
任务编号：319561,20000.0,2014-12-01,订单,1
任务编号：319434,230.0,2014-11-30,订单,1
任务编号：319487,600.0,2014-12-01,订单,1
任务编号：319422,4000.0,2014-11-30,订单,1
任务编号：319207,2500.0,2014-11-28,订单,1
任务编号：319253,4600.0,2014-11-29,订单,1
任务编号：319229,3000.0,2014-11-28,订单,1
任务编号：319122,3000.0,2014-11-28,订单,1
任务编号：318960,200.0,2014-11-27,订单,1
任务编号：318883,200.0,2014-11-27,订单,1
任务编号：318809,200.0,2014-11-27,订单,1
任务编号：318828,50000.0,2014-11-27,订单,1
任务编号：318760,400.0,2014-11-26,订单,1
任务编号：318756,300.0,2014-11-26,订单,1
任务编号：318739,500.0,2014-11-26,订单,1
任务编号：318723,24800.0,2014-11-26,订单,1
任务编号：318670,1000.0,2014-11-26,订单,1
任务编号：318599,500.0,2014-11-26,订单,1
任务编号：318236,930.0,2014-11-24,订单,1
任务编号：318200,505.0,2014-11-24,订单,1
任务编号：318136,8000.0,2014-11-24,订单,1
任务编号：318040,200.0,2014-11-23,订单,1
任务编号：317832,1500.0,2014-11-21,订单,1
任务编号：317846,400.0,2014-11-21,订单,1
任务编号：317637,100.0,2014-11-21,订单,1
任务编号：317543,500.0,2014-11-20,订单,1
任务编号：317510,5000.0,2014-11-20,订单,1
任务编号：317408,100.0,2014-11-20,订单,1
任务编号：317459,2700.0,2014-11-20,订单,1
任务编号：317233,500.0,2014-11-19,订单,1
任务编号：317130,100.0,2014-11-18,订单,1
任务编号：316836,150.0,2014-11-17,订单,1
任务编号：316754,2500.0,2014-11-17,订单,1
任务编号：316714,2200.0,2014-11-17,订单,1
任务编号：316637,4000.0,2014-11-16,订单,1
任务编号：316660,500.0,2014-11-16,订单,1
任务编号：316608,600.0,2014-11-15,订单,1
任务编号：316636,2000.0,2014-11-16,订单,1
任务编号：316568,200.0,2014-11-15,订单,1
任务编号：316454,800.0,2014-11-14,订单,1
任务编号：316412,5000.0,2014-11-14,订单,1
任务编号：316363,5000.0,2014-11-14,订单,1
任务编号：316018,1000.0,2014-11-12,订单,1
任务编号：315725,200.0,2014-11-11,订单,1
任务编号：315571,12000.0,2014-11-10,订单,1
任务编号：315465,500.0,2014-11-10,订单,1
任务编号：315402,4500.0,2014-11-09,订单,1
任务编号：314717,100.0,2014-11-05,订单,1
任务编号：314718,101.0,2014-11-05,订单,1
任务编号：314668,1500.0,2014-11-05,订单,1
任务编号：314476,5000.0,2014-11-05,订单,1
任务编号：314423,5000.0,2014-11-04,订单,1
任务编号：314200,500.0,2014-11-03,订单,1
任务编号：313986,100.0,2014-11-02,订单,1
任务编号：313989,200.0,2014-11-02,订单,1
任务编号：313919,400.0,2014-11-02,订单,1
任务编号：313842,800.0,2014-11-01,订单,1
任务编号：313724,1500.0,2014-10-31,订单,1
任务编号：313739,2000.0,2014-10-31,订单,1
任务编号：313658,200.0,2014-10-31,订单,1
任务编号：313236,300.0,2014-10-29,订单,1
任务编号：313220,40000.0,2014-10-29,订单,1
任务编号：313185,3500.0,2014-10-29,订单,1
任务编号：313092,500.0,2014-10-28,订单,1
任务编号：313005,800.0,2014-10-28,订单,1
任务编号：312751,200.0,2014-10-27,订单,1
任务编号：312805,200.0,2014-10-27,订单,1
任务编号：312782,2000.0,2014-10-27,订单,1
任务编号：312300,30000.0,2014-10-23,订单,1
任务编号：312211,200.0,2014-10-23,订单,1
任务编号：312087,1500.0,2014-10-22,订单,1
任务编号：311583,5200.0,2014-10-20,订单,1
任务编号：311569,1600.0,2014-10-20,订单,1
任务编号：311560,1000.0,2014-10-20,订单,1
任务编号：311411,100.0,2014-10-20,订单,1
任务编号：311099,200.0,2014-10-17,订单,1
任务编号：311125,2000.0,2014-10-17,订单,1
任务编号：311103,3000.0,2014-10-17,订单,1
任务编号：310941,100.0,2014-10-16,订单,1
任务编号：310924,300.0,2014-10-16,订单,1
任务编号：310888,500.0,2014-10-16,订单,1
任务编号：310464,235.0,2014-10-14,订单,1
任务编号：310421,100.0,2014-10-14,订单,1
任务编号：310147,500.0,2014-10-13,订单,1
任务编号：310164,500.0,2014-10-13,订单,1
任务编号：310059,1000.0,2014-10-12,订单,1
任务编号：310015,4500.0,2014-10-11,订单,1
任务编号：309452,1000.0,2014-10-09,订单,1
任务编号：309612,500.0,2014-10-09,订单,1
任务编号：309283,360.0,2014-10-07,订单,1
任务编号：309035,100.0,2014-10-04,订单,1
任务编号：308755,18000.0,2014-09-30,订单,1
任务编号：308593,1000.0,2014-09-29,订单,1
任务编号：308578,2000.0,2014-09-29,订单,1
任务编号：308546,1500.0,2014-09-29,订单,1
任务编号：308481,600.0,2014-09-29,订单,1
任务编号：308413,300.0,2014-09-29,订单,1
任务编号：308355,800.0,2014-09-28,订单,1
任务编号：308160,500.0,2014-09-27,订单,1
任务编号：307628,300.0,2014-09-24,订单,1
任务编号：307636,500.0,2014-09-24,订单,1
任务编号：307452,2000.0,2014-09-23,订单,1
任务编号：307442,500.0,2014-09-23,订单,1
任务编号：307329,2500.0,2014-09-22,订单,1
任务编号：306861,8000.0,2014-09-19,订单,1
任务编号：306703,100.0,2014-09-19,订单,1
任务编号：306700,5950.0,2014-09-19,订单,1
任务编号：306634,100.0,2014-09-18,订单,1
任务编号：306453,1500.0,2014-09-18,订单,1
任务编号：306371,8000.0,2014-09-17,订单,1
任务编号：306082,2000.0,2014-09-16,订单,1
任务编号：306024,3000.0,2014-09-16,订单,1
任务编号：305838,300.0,2014-09-15,订单,1
任务编号：305738,500.0,2014-09-14,订单,1
任务编号：305551,1000.0,2014-09-12,订单,1
任务编号：305457,2000.0,2014-09-12,订单,1
任务编号：305187,300.0,2014-09-11,订单,1
任务编号：305041,1000.0,2014-09-10,订单,1
任务编号：304875,1500.0,2014-09-09,订单,1
任务编号：304837,4000.0,2014-09-09,订单,1
任务编号：304639,200.0,2014-09-06,订单,1
任务编号：304314,5000.0,2014-09-04,订单,1
任务编号：304316,2000.0,2014-09-04,订单,1
任务编号：304220,1000.0,2014-09-04,订单,1
任务编号：303778,1400.0,2014-09-02,订单,1
任务编号：303488,15000.0,2014-08-31,订单,1
任务编号：303460,3000.0,2014-08-30,订单,1
任务编号：303181,200.0,2014-08-29,订单,1
任务编号：302994,500.0,2014-08-28,订单,1
任务编号：302922,500.0,2014-08-27,订单,1
任务编号：302853,500.0,2014-08-27,订单,1
任务编号：302831,800.0,2014-08-27,订单,1
任务编号：302812,500.0,2014-08-27,订单,1
任务编号：302686,300.0,2014-08-26,订单,1
任务编号：302639,3000.0,2014-08-26,订单,1
任务编号：302588,100.0,2014-08-26,订单,1
任务编号：302565,3000.0,2014-08-26,订单,1
任务编号：302509,1181.0,2014-08-25,订单,1
任务编号：302242,500.0,2014-08-24,订单,1
任务编号：302203,1000.0,2014-08-23,订单,1
任务编号：302062,3000.0,2014-08-22,订单,1
任务编号：301651,100.0,2014-08-20,订单,1
任务编号：301298,3000.0,2014-08-19,订单,1
任务编号：301001,1200.0,2014-08-17,订单,1
任务编号：300723,3000.0,2014-08-14,订单,1
任务编号：300665,1500.0,2014-08-14,订单,1
任务编号：300613,600.0,2014-08-14,订单,1
任务编号：300470,1000.0,2014-08-13,订单,1
任务编号：300375,300.0,2014-08-13,订单,1
任务编号：299942,1500.0,2014-08-11,订单,1
任务编号：299587,300.0,2014-08-08,订单,1
任务编号：299637,200.0,2014-08-08,订单,1
任务编号：299174,200.0,2014-08-07,订单,1
任务编号：299072,10000.0,2014-08-06,订单,1
任务编号：298953,300.0,2014-08-06,订单,1
任务编号：298753,5000.0,2014-08-05,订单,1
任务编号：298345,2000.0,2014-08-02,订单,1
任务编号：298057,100.0,2014-08-01,订单,1
任务编号：297620,500.0,2014-07-30,订单,1
任务编号：297482,500.0,2014-07-29,订单,1
任务编号：297441,1000.0,2014-07-29,订单,1
任务编号：297360,300.0,2014-07-29,订单,1
任务编号：297131,200.0,2014-07-28,订单,1
任务编号：297032,600.0,2014-07-26,订单,1
任务编号：297045,800.0,2014-07-27,订单,1
任务编号：296942,9100.0,2014-07-26,订单,1
任务编号：296606,450.0,2014-07-24,订单,1
任务编号：296545,200.0,2014-07-24,订单,1
任务编号：296445,1000.0,2014-07-23,订单,1
任务编号：296388,12500.0,2014-07-23,订单,1
任务编号：296339,500.0,2014-07-23,订单,1
任务编号：296279,800.0,2014-07-22,订单,1
任务编号：296175,1000.0,2014-07-22,订单,1
任务编号：296140,4000.0,2014-07-22,订单,1
任务编号：296054,2110.0,2014-07-21,订单,1
任务编号：295985,150.0,2014-07-21,订单,1
任务编号：295495,10000.0,2014-07-17,订单,1
任务编号：295384,2000.0,2014-07-17,订单,1
任务编号：295458,1000.0,2014-07-17,订单,1
任务编号：295236,600.0,2014-07-16,订单,1
任务编号：295127,3500.0,2014-07-16,订单,1
任务编号：295084,1500.0,2014-07-15,订单,1
任务编号：295033,2000.0,2014-07-15,订单,1
任务编号：294673,12000.0,2014-07-13,订单,1
任务编号：294628,200.0,2014-07-12,订单,1
任务编号：294524,5000.0,2014-07-11,订单,1
任务编号：294489,3500.0,2014-07-11,订单,1
任务编号：294471,2300.0,2014-07-11,订单,1
任务编号：294457,300.0,2014-07-11,订单,1
任务编号：294288,5000.0,2014-07-10,订单,1
任务编号：294185,1600.0,2014-07-10,订单,1
任务编号：294052,1000.0,2014-07-09,订单,1
任务编号：293951,6000.0,2014-07-08,订单,1
任务编号：293913,10000.0,2014-07-08,订单,1
任务编号：293799,5000.0,2014-07-07,订单,1
任务编号：293626,300.0,2014-07-07,订单,1
任务编号：293130,500.0,2014-07-03,订单,1
任务编号：292762,1500.0,2014-07-01,订单,1
任务编号：292529,15000.0,2014-06-30,订单,1
任务编号：292403,500.0,2014-06-29,订单,1
任务编号：292349,2925.0,2014-06-28,订单,1
任务编号：292333,650.0,2014-06-28,订单,1
任务编号：292156,1500.0,2014-06-27,订单,1
任务编号：292049,3000.0,2014-06-26,订单,1
任务编号：291999,180.0,2014-06-26,订单,1
任务编号：291754,100.0,2014-06-24,订单,1
任务编号：291631,1000.0,2014-06-24,订单,1
任务编号：291440,2000.0,2014-06-23,订单,1
任务编号：291372,600.0,2014-06-22,订单,1
任务编号：322368,510.0,2014-12-16,订单,1
任务编号：322336,3000.0,2014-12-16,订单,1
任务编号：325378,1000.0,2014-12-31,订单,1
任务编号：251033,300.0,2014-03-07,订单,1
任务编号：325384,100.0,2014-12-31,订单,1
任务编号：324868,200.0,2014-12-29,订单,1
任务编号：324777,100.0,2014-12-28,订单,1
任务编号：324522,100.0,2014-12-26,订单,1
任务编号：324579,150.0,2014-12-26,订单,1
任务编号：324338,138.0,2014-12-25,订单,1
任务编号：324321,200.0,2014-12-25,订单,1
任务编号：324290,800.0,2014-12-25,订单,1
任务编号：323946,300.0,2014-12-23,订单,1
任务编号：323864,100.0,2014-12-23,订单,1
任务编号：323693,100.0,2014-12-23,订单,1
任务编号：323426,188.0,2014-12-22,订单,1
任务编号：322913,300.0,2014-12-18,订单,1
任务编号：322439,250.0,2014-12-17,订单,1
任务编号：322311,100.0,2014-12-16,订单,1
任务编号：322172,250.0,2014-12-15,订单,1
任务编号：321965,200.0,2014-12-15,订单,1
任务编号：321885,100.0,2014-12-13,订单,1
任务编号：321759,800.0,2014-12-12,订单,1
任务编号：321508,200.0,2014-12-11,订单,1
任务编号：321129,300.0,2014-12-09,订单,1
任务编号：320903,150.0,2014-12-08,订单,1
任务编号：320607,200.0,2014-12-07,订单,1
任务编号：320529,300.0,2014-12-06,订单,1
任务编号：320463,100.0,2014-12-05,订单,1
任务编号：320459,150.0,2014-12-05,订单,1
任务编号：320246,100.0,2014-12-04,订单,1
任务编号：320227,200.0,2014-12-04,订单,1
任务编号：319655,500.0,2014-12-01,订单,1
任务编号：319251,388.0,2014-11-29,订单,1
任务编号：319203,100.0,2014-11-28,订单,1
任务编号：319129,200.0,2014-11-28,订单,1
任务编号：319053,100.0,2014-11-28,订单,1
任务编号：318765,100.0,2014-11-26,订单,1
任务编号：318378,100.0,2014-11-25,订单,1
任务编号：318082,100.0,2014-11-24,订单,1
任务编号：317821,100.0,2014-11-21,订单,1
任务编号：323613,1500.0,2014-12-22,订单,1
任务编号：318568,150.0,2014-11-26,订单,1
任务编号：316181,600.0,2014-11-13,订单,1
任务编号：315199,150.0,2014-11-07,订单,1
任务编号：313866,400.0,2014-11-01,订单,1
任务编号：312264,500.0,2014-10-23,订单,1
任务编号：311548,2000.0,2014-10-20,订单,1
任务编号：310118,1000.0,2014-10-12,订单,1
任务编号：304963,100.0,2014-09-10,订单,1
任务编号：301927,100.0,2014-08-21,订单,1
任务编号：301286,1100.0,2014-08-19,订单,1
任务编号：299205,1000.0,2014-08-07,订单,1
任务编号：291720,400.0,2014-06-24,订单,1
任务编号：290087,400.0,2014-06-13,订单,1
任务编号：289485,300.0,2014-06-09,订单,1
任务编号：288692,1000.0,2014-06-04,订单,1
任务编号：287818,400.0,2014-05-27,订单,1
任务编号：284829,650.0,2014-05-07,订单,1
任务编号：257667,200.0,2014-04-19,订单,1
任务编号：248508,600.0,2014-02-17,订单,1
任务编号：248000,1000.0,2014-02-13,订单,1
任务编号：246855,700.0,2014-01-25,订单,1
任务编号：323320,100.0,2014-12-21,订单,1
任务编号：320299,100.0,2014-12-04,订单,1
任务编号：317923,400.0,2014-11-22,订单,1
任务编号：316966,150.0,2014-11-18,订单,1
任务编号：316683,100.0,2014-11-16,订单,1
任务编号：316009,100.0,2014-11-12,订单,1
任务编号：314667,1000.0,2014-11-05,订单,1
任务编号：311698,100.0,2014-10-21,订单,1
任务编号：311527,200.0,2014-10-20,订单,1
任务编号：304430,750.0,2014-09-05,订单,1
任务编号：303917,2000.0,2014-09-02,订单,1
任务编号：302111,400.0,2014-08-22,订单,1
任务编号：301498,200.0,2014-08-20,订单,1
任务编号：299346,2000.0,2014-08-07,订单,1
任务编号：298865,2500.0,2014-08-05,订单,1
任务编号：296897,100.0,2014-07-25,订单,1
任务编号：293969,300.0,2014-07-08,订单,1
任务编号：292277,200.0,2014-06-27,订单,1
任务编号：290073,100.0,2014-06-13,订单,1
任务编号：287351,150.0,2014-05-24,订单,1
任务编号：286456,400.0,2014-05-18,订单,1
任务编号：286149,420.0,2014-05-15,订单,1
任务编号：286244,150.0,2014-05-16,订单,1
任务编号：259330,300.0,2014-04-26,订单,1
任务编号：257818,500.0,2014-04-21,订单,1
任务编号：257748,100.0,2014-04-20,订单,1
任务编号：257746,500.0,2014-04-20,订单,1
任务编号：257722,200.0,2014-04-20,订单,1
任务编号：257239,200.0,2014-04-16,订单,1
任务编号：256131,1000.0,2014-04-13,订单,1
任务编号：254939,100.0,2014-04-03,订单,1
任务编号：252333,1500.0,2014-03-16,订单,1
任务编号：252086,600.0,2014-03-14,订单,1
任务编号：247988,100.0,2014-02-13,订单,1
任务编号：325369,5400.0,2014-12-31,订单,1
任务编号：322601,500.0,2014-12-17,订单,1
任务编号：320972,500.0,2014-12-09,订单,1
任务编号：320713,500.0,2014-12-08,订单,1
任务编号：319894,100.0,2014-12-02,订单,1
任务编号：318433,100.0,2014-11-25,订单,1
任务编号：317950,100.0,2014-11-22,订单,1
任务编号：317875,100.0,2014-11-22,订单,1
任务编号：317514,100.0,2014-11-20,订单,1
任务编号：312900,100.0,2014-10-27,订单,1
任务编号：312162,198.0,2014-10-23,订单,1
任务编号：310339,100.0,2014-10-14,订单,1
任务编号：308238,100.0,2014-09-28,订单,1
任务编号：308005,100.0,2014-09-26,订单,1
任务编号：306537,100.0,2014-09-18,订单,1
任务编号：305493,100.0,2014-09-12,订单,1
任务编号：304615,200.0,2014-09-06,订单,1
任务编号：303555,100.0,2014-09-01,订单,1
任务编号：303381,100.0,2014-08-29,订单,1
任务编号：302829,100.0,2014-08-27,订单,1
任务编号：302823,100.0,2014-08-27,订单,1
任务编号：302826,100.0,2014-08-27,订单,1
任务编号：302124,100.0,2014-08-22,订单,1
任务编号：301288,100.0,2014-08-19,订单,1
任务编号：300944,100.0,2014-08-15,订单,1
任务编号：300597,100.0,2014-08-13,订单,1
任务编号：299379,100.0,2014-08-07,订单,1
任务编号：299194,100.0,2014-08-07,订单,1
任务编号：298295,100.0,2014-08-02,订单,1
任务编号：298071,100.0,2014-08-01,订单,1
任务编号：298070,100.0,2014-08-01,订单,1
任务编号：298012,300.0,2014-07-31,订单,1
任务编号：297879,100.0,2014-07-31,订单,1
任务编号：297583,100.0,2014-07-30,订单,1
任务编号：297194,100.0,2014-07-28,订单,1
任务编号：297297,200.0,2014-07-28,订单,1
任务编号：294780,100.0,2014-07-14,订单,1
任务编号：293518,100.0,2014-07-05,订单,1
任务编号：293212,100.0,2014-07-03,订单,1
任务编号：293193,100.0,2014-07-03,订单,1
任务编号：291666,100.0,2014-06-24,订单,1
任务编号：290971,200.0,2014-06-19,订单,1
任务编号：289792,132.0,2014-06-11,订单,1
任务编号：289169,100.0,2014-06-07,订单,1
任务编号：289153,100.0,2014-06-06,订单,1
任务编号：288483,100.0,2014-06-02,订单,1
任务编号：287891,100.0,2014-05-28,订单,1
任务编号：287523,100.0,2014-05-26,订单,1
任务编号：286702,100.0,2014-05-20,订单,1
任务编号：286614,250.0,2014-05-19,订单,1
任务编号：285368,200.0,2014-05-11,订单,1
任务编号：286540,200.0,2014-05-19,订单,1
任务编号：286469,100.0,2014-05-18,订单,1
任务编号：285780,105.0,2014-05-14,订单,1
任务编号：284746,150.0,2014-05-07,订单,1
任务编号：284592,100.0,2014-05-06,订单,1
任务编号：259308,100.0,2014-04-26,订单,1
任务编号：257884,200.0,2014-04-21,订单,1
任务编号：254074,100.0,2014-03-27,订单,1
任务编号：248148,100.0,2014-02-14,订单,1
任务编号：248104,150.0,2014-02-13,订单,1
任务编号：248023,198.0,2014-02-13,订单,1
任务编号：247829,200.0,2014-02-11,订单,1
任务编号：247251,100.0,2014-02-05,订单,1
任务编号：247004,100.0,2014-01-26,订单,1
任务编号：245564,100.0,2014-01-14,订单,1
任务编号：244347,100.0,2014-01-03,订单,1
任务编号：244162,100.0,2014-01-02,订单,1
任务编号：324924,100.0,2014-12-29,订单,1
任务编号：324740,100.0,2014-12-27,订单,1
任务编号：323201,100.0,2014-12-20,订单,1
任务编号：319060,100.0,2014-11-28,订单,1
任务编号：317971,200.0,2014-11-22,订单,1
任务编号：308871,800.0,2014-10-02,订单,1
任务编号：307502,120.0,2014-09-23,订单,1
任务编号：308588,300.0,2014-09-29,订单,1
任务编号：302646,300.0,2014-08-26,订单,1
任务编号：299120,1382.0,2014-08-06,订单,1
任务编号：297325,120.0,2014-07-28,订单,1
任务编号：295205,300.0,2014-07-16,订单,1
任务编号：294344,1200.0,2014-07-10,订单,1
任务编号：293175,100.0,2014-07-03,订单,1
任务编号：288016,100.0,2014-05-28,订单,1
任务编号：287373,200.0,2014-05-24,订单,1
任务编号：287334,200.0,2014-05-23,订单,1
任务编号：254205,100.0,2014-03-28,订单,1
任务编号：252376,1000.0,2014-03-17,订单,1
任务编号：250227,800.0,2014-03-01,订单,1
任务编号：248723,336.0,2014-02-19,订单,1
任务编号：245409,60.0,2014-01-13,订单,1
任务编号：294720,50.0,2014-07-13,订单,1
任务编号：285374,300.0,2014-05-12,订单,1
任务编号：251874,100.0,2014-03-13,订单,1
任务编号：296368,130.0,2014-07-23,订单,1
任务编号：249759,1000.0,2014-02-26,订单,1
任务编号：323941,100.0,2014-12-23,订单,1
任务编号：313791,120.0,2014-10-31,订单,1
任务编号：309876,100.0,2014-10-11,订单,1
任务编号：304978,1000.0,2014-09-10,订单,1
任务编号：320856,600.0,2014-12-08,订单,1
任务编号：324805,500.0,2014-12-28,订单,1
任务编号：324260,510.0,2014-12-25,订单,1
任务编号：324171,500.0,2014-12-24,订单,1
任务编号：324074,500.0,2014-12-24,订单,1
任务编号：324064,500.0,2014-12-24,订单,1
任务编号：324015,600.0,2014-12-24,订单,1
任务编号：323233,500.0,2014-12-20,订单,1
任务编号：322663,510.0,2014-12-17,订单,1
任务编号：322408,501.0,2014-12-16,订单,1
任务编号：321411,500.0,2014-12-11,订单,1
任务编号：320516,510.0,2014-12-06,订单,1
任务编号：320003,500.0,2014-12-03,订单,1
任务编号：319971,750.0,2014-12-03,订单,1
任务编号：319799,200.0,2014-12-02,订单,1
任务编号：319568,100.0,2014-12-01,订单,1
任务编号：319417,500.0,2014-11-30,订单,1
任务编号：319352,100.0,2014-11-30,订单,1
任务编号：319257,100.0,2014-11-29,订单,1
任务编号：319245,100.0,2014-11-29,订单,1
任务编号：319184,100.0,2014-11-28,订单,1
任务编号：318821,100.0,2014-11-27,订单,1
任务编号：318559,100.0,2014-11-26,订单,1
任务编号：318544,100.0,2014-11-25,订单,1
任务编号：317622,100.0,2014-11-20,订单,1
任务编号：317349,100.0,2014-11-19,订单,1
任务编号：317143,150.0,2014-11-18,订单,1
任务编号：316919,100.0,2014-11-17,订单,1
任务编号：315764,120.0,2014-11-11,订单,1
任务编号：314401,100.0,2014-11-04,订单,1
任务编号：313702,100.0,2014-10-31,订单,1
任务编号：313563,100.0,2014-10-30,订单,1
任务编号：313139,300.0,2014-10-29,订单,1
任务编号：312495,100.0,2014-10-24,订单,1
任务编号：311236,300.0,2014-10-18,订单,1
任务编号：311216,100.0,2014-10-18,订单,1
任务编号：310856,100.0,2014-10-16,订单,1
任务编号：310733,100.0,2014-10-15,订单,1
任务编号：310078,100.0,2014-10-12,订单,1
任务编号：309719,100.0,2014-10-10,订单,1
任务编号：309622,160.0,2014-10-09,订单,1
任务编号：309201,300.0,2014-10-06,订单,1
任务编号：309192,300.0,2014-10-06,订单,1
任务编号：309190,100.0,2014-10-06,订单,1
任务编号：309169,1000.0,2014-10-06,订单,1
任务编号：307931,200.0,2014-09-26,订单,1
任务编号：307894,400.0,2014-09-25,订单,1
任务编号：307538,100.0,2014-09-24,订单,1
任务编号：306946,100.0,2014-09-20,订单,1
任务编号：306628,100.0,2014-09-18,订单,1
任务编号：306574,165.0,2014-09-18,订单,1
任务编号：306242,105.0,2014-09-17,订单,1
任务编号：306241,100.0,2014-09-17,订单,1
任务编号：305591,100.0,2014-09-13,订单,1
任务编号：305713,100.0,2014-09-14,订单,1
任务编号：305704,100.0,2014-09-14,订单,1
任务编号：305702,100.0,2014-09-14,订单,1
任务编号：305662,100.0,2014-09-13,订单,1
任务编号：305086,500.0,2014-09-10,订单,1
任务编号：305080,210.0,2014-09-10,订单,1
任务编号：304770,1000.0,2014-09-08,订单,1
任务编号：304540,100.0,2014-09-05,订单,1
任务编号：304074,100.0,2014-09-03,订单,1
任务编号：304036,100.0,2014-09-03,订单,1
任务编号：303809,700.0,2014-09-02,订单,1
任务编号：303735,100.0,2014-09-01,订单,1
任务编号：303496,100.0,2014-08-31,订单,1
任务编号：303447,100.0,2014-08-30,订单,1
任务编号：303457,100.0,2014-08-30,订单,1
任务编号：303339,100.0,2014-08-29,订单,1
任务编号：303235,100.0,2014-08-29,订单,1
任务编号：303044,100.0,2014-08-28,订单,1
任务编号：302769,100.0,2014-08-27,订单,1
任务编号：302723,100.0,2014-08-26,订单,1
任务编号：302699,100.0,2014-08-26,订单,1
任务编号：302375,300.0,2014-08-25,订单,1
任务编号：302121,200.0,2014-08-22,订单,1
任务编号：302117,100.0,2014-08-22,订单,1
任务编号：301920,100.0,2014-08-21,订单,1
任务编号：301949,530.0,2014-08-22,订单,1
任务编号：301676,100.0,2014-08-20,订单,1
任务编号：301261,100.0,2014-08-19,订单,1
任务编号：301186,100.0,2014-08-18,订单,1
任务编号：301156,100.0,2014-08-18,订单,1
任务编号：300969,800.0,2014-08-16,订单,1
任务编号：300841,100.0,2014-08-15,订单,1
任务编号：300661,100.0,2014-08-14,订单,1
任务编号：300496,100.0,2014-08-13,订单,1
任务编号：300340,100.0,2014-08-12,订单,1
任务编号：299833,1000.0,2014-08-10,订单,1
任务编号：299136,198.0,2014-08-06,订单,1
任务编号：298392,100.0,2014-08-03,订单,1
任务编号：297470,100.0,2014-07-29,订单,1
任务编号：297851,1500.0,2014-07-31,订单,1
任务编号：297829,100.0,2014-07-31,订单,1
任务编号：297640,200.0,2014-07-30,订单,1
任务编号：297213,300.0,2014-07-28,订单,1
任务编号：296799,200.0,2014-07-25,订单,1
任务编号：295812,220.0,2014-07-19,订单,1
任务编号：295177,100.0,2014-07-16,订单,1
任务编号：295179,100.0,2014-07-16,订单,1
任务编号：294174,200.0,2014-07-10,订单,1
任务编号：293448,100.0,2014-07-05,订单,1
任务编号：292842,100.0,2014-07-01,订单,1
任务编号：292124,100.0,2014-06-26,订单,1
任务编号：292132,100.0,2014-06-26,订单,1
任务编号：291907,100.0,2014-06-25,订单,1
任务编号：291393,220.0,2014-06-22,订单,1
任务编号：291022,100.0,2014-06-19,订单,1
任务编号：291020,100.0,2014-06-19,订单,1
任务编号：289758,200.0,2014-06-11,订单,1
任务编号：289292,500.0,2014-06-08,订单,1
任务编号：289251,220.0,2014-06-07,订单,1
任务编号：288445,2100.0,2014-06-01,订单,1
任务编号：257404,50.0,2014-04-17,订单,1
任务编号：318744,100.0,2014-11-26,订单,1
任务编号：322452,2560.0,2014-12-17,订单,1
任务编号：319256,2200.0,2014-11-29,订单,1
任务编号：317538,2000.0,2014-11-20,订单,1
任务编号：317470,35000.0,2014-11-20,订单,1
任务编号：317469,5000.0,2014-11-20,订单,1
任务编号：315010,8000.0,2014-11-07,订单,1
任务编号：307365,450.0,2014-09-23,订单,1
任务编号：307170,450.0,2014-09-22,订单,1
任务编号：297524,100.0,2014-07-29,订单,1
任务编号：296496,100.0,2014-07-23,订单,1
任务编号：294629,50.0,2014-07-12,订单,1
任务编号：292336,50.0,2014-06-28,订单,1
任务编号：291695,800.0,2014-06-24,订单,1
任务编号：291395,50.0,2014-06-22,订单,1
任务编号：291359,100.0,2014-06-21,订单,1
任务编号：290947,5000.0,2014-06-19,订单,1
任务编号：290895,50.0,2014-06-18,订单,1
任务编号：290394,50.0,2014-06-16,订单,1
任务编号：290028,50.0,2014-06-12,订单,1
任务编号：289435,50.0,2014-06-09,订单,1
任务编号：288049,150.0,2014-05-28,订单,1
任务编号：287346,6000.0,2014-05-24,订单,1
任务编号：285988,5000.0,2014-05-15,订单,1
任务编号：285052,60.0,2014-05-08,订单,1
任务编号：284127,50.0,2014-05-02,订单,1
任务编号：283590,6000.0,2014-04-28,订单,1
任务编号：255442,500.0,2014-04-08,订单,1
任务编号：254694,6000.0,2014-04-02,订单,1
任务编号：251756,50.0,2014-03-12,订单,1
任务编号：251747,50.0,2014-03-12,订单,1
任务编号：250381,6000.0,2014-03-03,订单,1
任务编号：283576,70.0,2014-04-28,订单,1
任务编号：323294,300.0,2014-12-20,订单,1
任务编号：320282,300.0,2014-12-04,订单,1
任务编号：314539,350.0,2014-11-05,订单,1
任务编号：313736,1000.0,2014-10-31,订单,1
任务编号：311555,500.0,2014-10-20,订单,1
任务编号：304451,400.0,2014-09-05,订单,1
任务编号：302291,600.0,2014-08-24,订单,1
任务编号：299443,100.0,2014-08-08,订单,1
任务编号：299034,500.0,2014-08-06,订单,1
任务编号：294412,200.0,2014-07-11,订单,1
任务编号：293842,900.0,2014-07-08,订单,1
任务编号：293723,100.0,2014-07-07,订单,1
任务编号：290152,300.0,2014-06-13,订单,1
任务编号：287184,100.0,2014-05-22,订单,1
任务编号：258275,500.0,2014-04-23,订单,1
任务编号：257764,300.0,2014-04-20,订单,1
任务编号：257763,300.0,2014-04-20,订单,1
任务编号：257723,200.0,2014-04-20,订单,1
任务编号：254080,2000.0,2014-03-27,订单,1
任务编号：254077,1000.0,2014-03-27,订单,1
任务编号：253138,300.0,2014-03-21,订单,1
任务编号：251539,300.0,2014-03-11,订单,1
任务编号：248309,500.0,2014-02-16,订单,1
任务编号：247287,200.0,2014-02-07,订单,1
任务编号：247048,150.0,2014-01-26,订单,1
任务编号：245253,500.0,2014-01-10,订单,1
任务编号：322344,5000.0,2014-12-16,订单,1
任务编号：319047,400.0,2014-11-28,订单,1
任务编号：310040,800.0,2014-10-12,订单,1
任务编号：309588,850.0,2014-10-09,订单,1
任务编号：306793,1000.0,2014-09-19,订单,1
任务编号：305129,880.0,2014-09-11,订单,1
任务编号：299792,1500.0,2014-08-10,订单,1
任务编号：295685,3000.0,2014-07-18,订单,1
任务编号：293828,500.0,2014-07-08,订单,1
任务编号：290593,300.0,2014-06-17,订单,1
任务编号：290475,100.0,2014-06-16,订单,1
任务编号：289934,1000.0,2014-06-12,订单,1
任务编号：289513,500.0,2014-06-09,订单,1
任务编号：288796,600.0,2014-06-04,订单,1
任务编号：287715,500.0,2014-05-27,订单,1
任务编号：286077,500.0,2014-05-15,订单,1
任务编号：284413,1000.0,2014-05-05,订单,1
任务编号：255529,800.0,2014-04-08,订单,1
任务编号：254716,200.0,2014-04-02,订单,1
任务编号：247069,2000.0,2014-01-27,订单,1
任务编号：246146,2500.0,2014-01-18,订单,1
任务编号：324825,400.0,2014-12-28,订单,1
任务编号：324496,20000.0,2014-12-26,订单,1
任务编号：323208,20000.0,2014-12-20,订单,1
任务编号：322079,2000.0,2014-12-15,订单,1
任务编号：321974,300.0,2014-12-15,订单,1
任务编号：320543,200.0,2014-12-06,订单,1
任务编号：320528,20000.0,2014-12-06,订单,1
任务编号：319384,500.0,2014-11-30,订单,1
任务编号：318780,350.0,2014-11-26,订单,1
任务编号：317689,20000.0,2014-11-21,订单,1
任务编号：317596,100.0,2014-11-20,订单,1
任务编号：316853,100.0,2014-11-17,订单,1
任务编号：311851,200.0,2014-10-21,订单,1
任务编号：311598,200.0,2014-10-20,订单,1
任务编号：308048,2600.0,2014-09-26,订单,1
任务编号：307881,100.0,2014-09-25,订单,1
任务编号：306754,100.0,2014-09-19,订单,1
任务编号：304025,200.0,2014-09-03,订单,1
任务编号：302764,800.0,2014-08-27,订单,1
任务编号：302401,500.0,2014-08-25,订单,1
任务编号：299220,600.0,2014-08-07,订单,1
任务编号：297585,1200.0,2014-07-30,订单,1
任务编号：292739,100.0,2014-07-01,订单,1
任务编号：291924,50.0,2014-06-25,订单,1
任务编号：291453,200.0,2014-06-23,订单,1
任务编号：291398,500.0,2014-06-22,订单,1
任务编号：290684,3000.0,2014-06-17,订单,1
任务编号：288849,600.0,2014-06-05,订单,1
任务编号：288480,400.0,2014-06-02,订单,1
任务编号：288352,300.0,2014-05-30,订单,1
任务编号：287666,120.0,2014-05-26,订单,1
任务编号：285892,300.0,2014-05-14,订单,1
任务编号：284467,800.0,2014-05-05,订单,1
任务编号：284567,200.0,2014-05-06,订单,1
任务编号：284517,600.0,2014-05-05,订单,1
任务编号：258202,500.0,2014-04-23,订单,1
任务编号：258118,500.0,2014-04-22,订单,1
任务编号：256149,600.0,2014-04-13,订单,1
任务编号：254310,1000.0,2014-03-30,订单,1
任务编号：253699,225.0,2014-03-25,订单,1
任务编号：250186,150.0,2014-03-01,订单,1
任务编号：249021,600.0,2014-02-21,订单,1
任务编号：248528,500.0,2014-02-18,订单,1
任务编号：284172,500.0,2014-05-03,订单,1
任务编号：309454,100.0,2014-10-09,订单,1
任务编号：307528,300.0,2014-09-24,订单,1
任务编号：298515,300.0,2014-08-04,订单,1
任务编号：256215,300.0,2014-04-14,订单,1
任务编号：321114,1000.0,2014-12-09,订单,1
任务编号：318003,1000.0,2014-11-23,订单,1
任务编号：317983,1000.0,2014-11-23,订单,1
任务编号：315384,100.0,2014-11-09,订单,1
任务编号：305549,500.0,2014-09-12,订单,1
任务编号：304864,1000.0,2014-09-09,订单,1
任务编号：291387,1500.0,2014-06-22,订单,1
任务编号：290795,1000.0,2014-06-18,订单,1
任务编号：289341,100.0,2014-06-08,订单,1
任务编号：287149,100.0,2014-05-22,订单,1
任务编号：285307,3000.0,2014-05-11,订单,1
任务编号：257954,1000.0,2014-04-22,订单,1
任务编号：257846,4000.0,2014-04-21,订单,1
任务编号：253517,100.0,2014-03-24,订单,1
任务编号：250669,900.0,2014-03-05,订单,1
任务编号：246945,150.0,2014-01-26,订单,1
任务编号：245773,100.0,2014-01-15,订单,1
任务编号：324967,1700.0,2014-12-29,订单,1
任务编号：323493,150.0,2014-12-22,订单,1
任务编号：322397,179.0,2014-12-16,订单,1
任务编号：322100,100.0,2014-12-15,订单,1
任务编号：321233,800.0,2014-12-10,订单,1
任务编号：319735,160.0,2014-12-02,订单,1
任务编号：318971,150.0,2014-11-27,订单,1
任务编号：316120,20000.0,2014-11-13,订单,1
任务编号：315814,9000.0,2014-11-12,订单,1
任务编号：315238,100.0,2014-11-08,订单,1
任务编号：312509,6000.0,2014-10-24,订单,1
任务编号：310292,200.0,2014-10-13,订单,1
任务编号：309917,400.0,2014-10-11,订单,1
任务编号：309695,100.0,2014-10-10,订单,1
任务编号：309044,110.0,2014-10-05,订单,1
任务编号：306689,300.0,2014-09-19,订单,1
任务编号：305028,300.0,2014-09-10,订单,1
任务编号：299124,173.0,2014-08-06,订单,1
任务编号：297928,5000.0,2014-07-31,订单,1
任务编号：297137,150.0,2014-07-28,订单,1
任务编号：296694,100.0,2014-07-24,订单,1
任务编号：292901,200.0,2014-07-02,订单,1
任务编号：292289,100.0,2014-06-27,订单,1
任务编号：292229,50.0,2014-06-27,订单,1
任务编号：291228,50.0,2014-06-20,订单,1
任务编号：290716,50.0,2014-06-17,订单,1
任务编号：288103,500.0,2014-05-29,订单,1
任务编号：287646,100.0,2014-05-26,订单,1
任务编号：286740,500.0,2014-05-20,订单,1
任务编号：285923,50.0,2014-05-14,订单,1
任务编号：285624,2400.0,2014-05-13,订单,1
任务编号：258020,100.0,2014-04-22,订单,1
任务编号：258000,700.0,2014-04-22,订单,1
任务编号：256388,860.0,2014-04-15,订单,1
任务编号：256174,100.0,2014-04-13,订单,1
任务编号：254094,500.0,2014-03-28,订单,1
任务编号：253496,300.0,2014-03-24,订单,1
任务编号：253329,50.0,2014-03-22,订单,1
任务编号：302023,100.0,2014-08-22,订单,1
任务编号：297758,200.0,2014-07-30,订单,1
任务编号：322055,450.0,2014-12-15,订单,1
任务编号：324861,300.0,2014-12-29,订单,1
任务编号：325346,2000.0,2014-12-31,订单,1
任务编号：325180,100.0,2014-12-30,订单,1
任务编号：325117,100.0,2014-12-30,订单,1
任务编号：325162,100.0,2014-12-30,订单,1
任务编号：325103,500.0,2014-12-30,订单,1
任务编号：325101,300.0,2014-12-30,订单,1
任务编号：325001,108.0,2014-12-29,订单,1
任务编号：324945,300.0,2014-12-29,订单,1
任务编号：324816,500.0,2014-12-28,订单,1
任务编号：324268,300.0,2014-12-25,订单,1
任务编号：324617,300.0,2014-12-26,订单,1
任务编号：324726,100.0,2014-12-27,订单,1
任务编号：324705,210.0,2014-12-27,订单,1
任务编号：324662,100.0,2014-12-26,订单,1
任务编号：324589,500.0,2014-12-26,订单,1
任务编号：324485,260.0,2014-12-26,订单,1
任务编号：324416,200.0,2014-12-25,订单,1
任务编号：323795,200.0,2014-12-23,订单,1
任务编号：323845,300.0,2014-12-23,订单,1
任务编号：324312,200.0,2014-12-25,订单,1
任务编号：324192,500.0,2014-12-24,订单,1
任务编号：324193,200.0,2014-12-24,订单,1
任务编号：324020,1000.0,2014-12-24,订单,1
任务编号：324096,500.0,2014-12-24,订单,1
任务编号：324097,200.0,2014-12-24,订单,1
任务编号：323992,1900.0,2014-12-24,订单,1
任务编号：323929,600.0,2014-12-23,订单,1
任务编号：323859,200.0,2014-12-23,订单,1
任务编号：323858,300.0,2014-12-23,订单,1
任务编号：323802,1000.0,2014-12-23,订单,1
任务编号：323697,600.0,2014-12-23,订单,1
任务编号：323696,250.0,2014-12-23,订单,1
任务编号：323652,518.0,2014-12-22,订单,1
任务编号：323501,100.0,2014-12-22,订单,1
任务编号：323514,600.0,2014-12-22,订单,1
任务编号：323410,3000.0,2014-12-22,订单,1
任务编号：323456,777.0,2014-12-22,订单,1
任务编号：323383,500.0,2014-12-21,订单,1
任务编号：323352,200.0,2014-12-21,订单,1
任务编号：323339,500.0,2014-12-21,订单,1
任务编号：323245,250.0,2014-12-20,订单,1
任务编号：323215,500.0,2014-12-20,订单,1
任务编号：323178,300.0,2014-12-19,订单,1
任务编号：323084,500.0,2014-12-19,订单,1
任务编号：323086,800.0,2014-12-19,订单,1
任务编号：323009,100.0,2014-12-19,订单,1
任务编号：323016,600.0,2014-12-19,订单,1
任务编号：322905,500.0,2014-12-18,订单,1
任务编号：322808,300.0,2014-12-18,订单,1
任务编号：322805,900.0,2014-12-18,订单,1
任务编号：322759,100.0,2014-12-18,订单,1
任务编号：322724,1000.0,2014-12-18,订单,1
任务编号：322564,900.0,2014-12-17,订单,1
任务编号：322343,300.0,2014-12-16,订单,1
任务编号：322338,360.0,2014-12-16,订单,1
任务编号：322259,1000.0,2014-12-16,订单,1
任务编号：322291,500.0,2014-12-16,订单,1
任务编号：322268,960.0,2014-12-16,订单,1
任务编号：322179,200.0,2014-12-15,订单,1
任务编号：322174,130.0,2014-12-15,订单,1
任务编号：322097,250.0,2014-12-15,订单,1
任务编号：322101,250.0,2014-12-15,订单,1
任务编号：322102,150.0,2014-12-15,订单,1
任务编号：322076,200.0,2014-12-15,订单,1
任务编号：322026,100.0,2014-12-15,订单,1
任务编号：322036,500.0,2014-12-15,订单,1
任务编号：321955,1200.0,2014-12-14,订单,1
任务编号：321930,1000.0,2014-12-14,订单,1
任务编号：321928,300.0,2014-12-14,订单,1
任务编号：321858,200.0,2014-12-13,订单,1
任务编号：321818,2000.0,2014-12-13,订单,1
任务编号：321837,100.0,2014-12-13,订单,1
任务编号：321823,300.0,2014-12-13,订单,1
任务编号：321784,400.0,2014-12-12,订单,1
任务编号：321785,150.0,2014-12-12,订单,1
任务编号：321650,100.0,2014-12-12,订单,1
任务编号：321652,100.0,2014-12-12,订单,1
任务编号：321648,100.0,2014-12-12,订单,1
任务编号：321645,120.0,2014-12-12,订单,1
任务编号：321624,300.0,2014-12-12,订单,1
任务编号：321513,600.0,2014-12-11,订单,1
任务编号：321467,1200.0,2014-12-11,订单,1
任务编号：321449,300.0,2014-12-11,订单,1
任务编号：321431,800.0,2014-12-11,订单,1
任务编号：321382,800.0,2014-12-11,订单,1
任务编号：321331,360.0,2014-12-10,订单,1
任务编号：321317,100.0,2014-12-10,订单,1
任务编号：321293,200.0,2014-12-10,订单,1
任务编号：321126,300.0,2014-12-09,订单,1
任务编号：321108,300.0,2014-12-09,订单,1
任务编号：321067,300.0,2014-12-09,订单,1
任务编号：321066,500.0,2014-12-09,订单,1
任务编号：321021,600.0,2014-12-09,订单,1
任务编号：320978,300.0,2014-12-09,订单,1
任务编号：320901,300.0,2014-12-08,订单,1
任务编号：320865,300.0,2014-12-08,订单,1
任务编号：320712,100.0,2014-12-08,订单,1
任务编号：320693,300.0,2014-12-07,订单,1
任务编号：320662,1000.0,2014-12-07,订单,1
任务编号：320626,800.0,2014-12-07,订单,1
任务编号：320621,300.0,2014-12-07,订单,1
任务编号：320590,500.0,2014-12-06,订单,1
任务编号：320452,800.0,2014-12-05,订单,1
任务编号：320444,300.0,2014-12-05,订单,1
任务编号：320418,300.0,2014-12-05,订单,1
任务编号：319905,100.0,2014-12-03,订单,1
任务编号：320056,300.0,2014-12-03,订单,1
任务编号：320043,300.0,2014-12-03,订单,1
任务编号：319949,333.0,2014-12-03,订单,1
任务编号：319930,300.0,2014-12-03,订单,1
任务编号：319897,800.0,2014-12-02,订单,1
任务编号：319896,350.0,2014-12-02,订单,1
任务编号：319834,300.0,2014-12-02,订单,1
任务编号：319827,300.0,2014-12-02,订单,1
任务编号：319814,300.0,2014-12-02,订单,1
任务编号：319763,500.0,2014-12-02,订单,1
任务编号：319696,500.0,2014-12-01,订单,1
任务编号：319611,300.0,2014-12-01,订单,1
任务编号：319480,500.0,2014-12-01,订单,1
任务编号：319450,550.0,2014-12-01,订单,1
任务编号：319401,360.0,2014-11-30,订单,1
任务编号：319265,400.0,2014-11-29,订单,1
任务编号：319250,1200.0,2014-11-29,订单,1
任务编号：319212,1000.0,2014-11-28,订单,1
任务编号：319183,1000.0,2014-11-28,订单,1
任务编号：319037,100.0,2014-11-28,订单,1
任务编号：319101,300.0,2014-11-28,订单,1
任务编号：319048,600.0,2014-11-28,订单,1
任务编号：318746,500.0,2014-11-26,订单,1
任务编号：318859,150.0,2014-11-27,订单,1
任务编号：318773,500.0,2014-11-26,订单,1
任务编号：318933,500.0,2014-11-27,订单,1
任务编号：318919,300.0,2014-11-27,订单,1
任务编号：318895,300.0,2014-11-27,订单,1
任务编号：318819,500.0,2014-11-27,订单,1
任务编号：318788,500.0,2014-11-26,订单,1
任务编号：318789,500.0,2014-11-26,订单,1
任务编号：318640,1000.0,2014-11-26,订单,1
任务编号：318755,200.0,2014-11-26,订单,1
任务编号：318745,300.0,2014-11-26,订单,1
任务编号：318741,300.0,2014-11-26,订单,1
任务编号：318515,560.0,2014-11-25,订单,1
任务编号：318728,150.0,2014-11-26,订单,1
任务编号：318633,100.0,2014-11-26,订单,1
任务编号：318593,500.0,2014-11-26,订单,1
任务编号：318631,500.0,2014-11-26,订单,1
任务编号：318484,588.0,2014-11-25,订单,1
任务编号：318329,1200.0,2014-11-25,订单,1
任务编号：317849,500.0,2014-11-21,订单,1
任务编号：318299,1200.0,2014-11-24,订单,1
任务编号：318233,300.0,2014-11-24,订单,1
任务编号：318226,1000.0,2014-11-24,订单,1
任务编号：318230,1000.0,2014-11-24,订单,1
任务编号：318205,300.0,2014-11-24,订单,1
任务编号：318195,800.0,2014-11-24,订单,1
任务编号：318185,300.0,2014-11-24,订单,1
任务编号：318109,1000.0,2014-11-24,订单,1
任务编号：317717,2000.0,2014-11-21,订单,1
任务编号：318120,800.0,2014-11-24,订单,1
任务编号：318112,300.0,2014-11-24,订单,1
任务编号：318099,500.0,2014-11-24,订单,1
任务编号：318058,300.0,2014-11-23,订单,1
任务编号：317933,1080.0,2014-11-22,订单,1
任务编号：317929,300.0,2014-11-22,订单,1
任务编号：317861,300.0,2014-11-21,订单,1
任务编号：317376,200.0,2014-11-19,订单,1
任务编号：317718,800.0,2014-11-21,订单,1
任务编号：317700,300.0,2014-11-21,订单,1
任务编号：317619,360.0,2014-11-20,订单,1
任务编号：317439,300.0,2014-11-20,订单,1
任务编号：317577,300.0,2014-11-20,订单,1
任务编号：317572,300.0,2014-11-20,订单,1
任务编号：317446,300.0,2014-11-20,订单,1
任务编号：316355,500.0,2014-11-14,订单,1
任务编号：317405,300.0,2014-11-20,订单,1
任务编号：317323,200.0,2014-11-19,订单,1
任务编号：317160,200.0,2014-11-18,订单,1
任务编号：317107,300.0,2014-11-18,订单,1
任务编号：317043,500.0,2014-11-18,订单,1
任务编号：317053,1500.0,2014-11-18,订单,1
任务编号：316760,350.0,2014-11-17,订单,1
任务编号：314844,500.0,2014-11-06,订单,1
任务编号：316338,200.0,2014-11-14,订单,1
任务编号：316956,100.0,2014-11-18,订单,1
任务编号：316889,300.0,2014-11-17,订单,1
任务编号：316769,300.0,2014-11-17,订单,1
任务编号：316761,300.0,2014-11-17,订单,1
任务编号：316682,300.0,2014-11-16,订单,1
任务编号：316631,500.0,2014-11-16,订单,1
任务编号：316604,5000.0,2014-11-15,订单,1
任务编号：316514,200.0,2014-11-15,订单,1
任务编号：316477,100.0,2014-11-14,订单,1
任务编号：316459,300.0,2014-11-14,订单,1
任务编号：316458,600.0,2014-11-14,订单,1
任务编号：316291,500.0,2014-11-14,订单,1
任务编号：316177,500.0,2014-11-13,订单,1
任务编号：316076,100.0,2014-11-13,订单,1
任务编号：316115,300.0,2014-11-13,订单,1
任务编号：316074,150.0,2014-11-13,订单,1
任务编号：315992,300.0,2014-11-12,订单,1
任务编号：316059,600.0,2014-11-13,订单,1
任务编号：315880,1200.0,2014-11-12,订单,1
任务编号：315856,700.0,2014-11-12,订单,1
任务编号：315798,250.0,2014-11-12,订单,1
任务编号：315778,500.0,2014-11-11,订单,1
任务编号：315759,300.0,2014-11-11,订单,1
任务编号：315741,300.0,2014-11-11,订单,1
任务编号：315691,500.0,2014-11-11,订单,1
任务编号：315657,300.0,2014-11-11,订单,1
任务编号：315449,1000.0,2014-11-10,订单,1
任务编号：315614,300.0,2014-11-11,订单,1
任务编号：315512,500.0,2014-11-10,订单,1
任务编号：315412,200.0,2014-11-09,订单,1
任务编号：315421,300.0,2014-11-09,订单,1
任务编号：315420,500.0,2014-11-09,订单,1
任务编号：315285,300.0,2014-11-08,订单,1
任务编号：315322,360.0,2014-11-09,订单,1
任务编号：315318,360.0,2014-11-09,订单,1
任务编号：315317,500.0,2014-11-09,订单,1
任务编号：315275,500.0,2014-11-08,订单,1
任务编号：315257,388.0,2014-11-08,订单,1
任务编号：315235,388.0,2014-11-08,订单,1
任务编号：315181,500.0,2014-11-07,订单,1
任务编号：315085,1800.0,2014-11-07,订单,1
任务编号：315169,500.0,2014-11-07,订单,1
任务编号：315118,300.0,2014-11-07,订单,1
任务编号：315151,100.0,2014-11-07,订单,1
任务编号：314488,200.0,2014-11-05,订单,1
任务编号：315064,300.0,2014-11-07,订单,1
任务编号：315041,300.0,2014-11-07,订单,1
任务编号：314999,300.0,2014-11-07,订单,1
任务编号：314984,499.0,2014-11-06,订单,1
任务编号：314869,200.0,2014-11-06,订单,1
任务编号：314853,300.0,2014-11-06,订单,1
任务编号：314758,400.0,2014-11-06,订单,1
任务编号：314720,300.0,2014-11-05,订单,1
任务编号：314685,500.0,2014-11-05,订单,1
任务编号：314675,500.0,2014-11-05,订单,1
任务编号：314653,300.0,2014-11-05,订单,1
任务编号：314618,300.0,2014-11-05,订单,1
任务编号：314611,300.0,2014-11-05,订单,1
任务编号：314603,300.0,2014-11-05,订单,1
任务编号：314557,300.0,2014-11-05,订单,1
任务编号：314497,300.0,2014-11-05,订单,1
任务编号：314063,800.0,2014-11-03,订单,1
任务编号：314469,600.0,2014-11-05,订单,1
任务编号：313728,300.0,2014-10-31,订单,1
任务编号：314350,600.0,2014-11-04,订单,1
任务编号：314319,200.0,2014-11-04,订单,1
任务编号：314326,100.0,2014-11-04,订单,1
任务编号：314311,300.0,2014-11-04,订单,1
任务编号：314288,500.0,2014-11-04,订单,1
任务编号：314237,300.0,2014-11-04,订单,1
任务编号：314223,600.0,2014-11-03,订单,1
任务编号：313719,960.0,2014-10-31,订单,1
任务编号：313963,500.0,2014-11-02,订单,1
任务编号：314047,200.0,2014-11-03,订单,1
任务编号：313992,200.0,2014-11-02,订单,1
任务编号：314003,300.0,2014-11-03,订单,1
任务编号：313933,400.0,2014-11-02,订单,1
任务编号：313925,500.0,2014-11-02,订单,1
任务编号：313913,500.0,2014-11-02,订单,1
任务编号：313854,360.0,2014-11-01,订单,1
任务编号：313843,200.0,2014-11-01,订单,1
任务编号：313824,300.0,2014-11-01,订单,1
任务编号：313809,1000.0,2014-11-01,订单,1
任务编号：313808,360.0,2014-11-01,订单,1
任务编号：313785,300.0,2014-10-31,订单,1
任务编号：313765,600.0,2014-10-31,订单,1
任务编号：313769,300.0,2014-10-31,订单,1
任务编号：313713,1000.0,2014-10-31,订单,1
任务编号：313697,500.0,2014-10-31,订单,1
任务编号：313676,500.0,2014-10-31,订单,1
任务编号：313586,300.0,2014-10-31,订单,1
任务编号：313604,500.0,2014-10-31,订单,1
任务编号：313567,200.0,2014-10-30,订单,1
任务编号：313568,300.0,2014-10-30,订单,1
任务编号：313531,350.0,2014-10-30,订单,1
任务编号：313412,300.0,2014-10-30,订单,1
任务编号：313325,100.0,2014-10-29,订单,1
任务编号：313321,300.0,2014-10-29,订单,1
任务编号：313324,470.0,2014-10-29,订单,1
任务编号：313328,550.0,2014-10-29,订单,1
任务编号：313301,300.0,2014-10-29,订单,1
任务编号：313246,300.0,2014-10-29,订单,1
任务编号：313193,400.0,2014-10-29,订单,1
任务编号：313144,1000.0,2014-10-29,订单,1
任务编号：313162,500.0,2014-10-29,订单,1
任务编号：312250,500.0,2014-10-23,订单,1
任务编号：313118,300.0,2014-10-28,订单,1
任务编号：312825,1500.0,2014-10-27,订单,1
任务编号：312816,300.0,2014-10-27,订单,1
任务编号：312695,300.0,2014-10-26,订单,1
任务编号：312669,300.0,2014-10-26,订单,1
任务编号：312627,300.0,2014-10-26,订单,1
任务编号：312601,200.0,2014-10-25,订单,1
任务编号：312594,1500.0,2014-10-25,订单,1
任务编号：312569,500.0,2014-10-25,订单,1
任务编号：312547,500.0,2014-10-25,订单,1
任务编号：312390,300.0,2014-10-24,订单,1
任务编号：312304,400.0,2014-10-23,订单,1
任务编号：312206,300.0,2014-10-23,订单,1
任务编号：312246,800.0,2014-10-23,订单,1
任务编号：312100,100.0,2014-10-22,订单,1
任务编号：311879,500.0,2014-10-22,订单,1
任务编号：311995,1000.0,2014-10-22,订单,1
任务编号：311589,3000.0,2014-10-20,订单,1
任务编号：311847,100.0,2014-10-21,订单,1
任务编号：311817,2000.0,2014-10-21,订单,1
任务编号：311796,150.0,2014-10-21,订单,1
任务编号：311793,150.0,2014-10-21,订单,1
任务编号：311784,1000.0,2014-10-21,订单,1
任务编号：311714,200.0,2014-10-21,订单,1
任务编号：311696,600.0,2014-10-21,订单,1
任务编号：311677,500.0,2014-10-21,订单,1
任务编号：311631,800.0,2014-10-21,订单,1
任务编号：311366,150.0,2014-10-19,订单,1
任务编号：311280,500.0,2014-10-18,订单,1
任务编号：311195,500.0,2014-10-17,订单,1
任务编号：311238,100.0,2014-10-18,订单,1
任务编号：311158,600.0,2014-10-17,订单,1
任务编号：311135,300.0,2014-10-17,订单,1
任务编号：310998,700.0,2014-10-17,订单,1
任务编号：310976,300.0,2014-10-16,订单,1
任务编号：310995,500.0,2014-10-17,订单,1
任务编号：310911,800.0,2014-10-16,订单,1
任务编号：310907,300.0,2014-10-16,订单,1
任务编号：310857,500.0,2014-10-16,订单,1
任务编号：310816,300.0,2014-10-16,订单,1
任务编号：310777,300.0,2014-10-16,订单,1
任务编号：310740,300.0,2014-10-15,订单,1
任务编号：310452,300.0,2014-10-14,订单,1
任务编号：310532,300.0,2014-10-14,订单,1
任务编号：310503,200.0,2014-10-14,订单,1
任务编号：310483,200.0,2014-10-14,订单,1
任务编号：309831,200.0,2014-10-10,订单,1
任务编号：310124,200.0,2014-10-12,订单,1
任务编号：310359,1000.0,2014-10-14,订单,1
任务编号：310332,1000.0,2014-10-13,订单,1
任务编号：310225,300.0,2014-10-13,订单,1
任务编号：310176,500.0,2014-10-13,订单,1
任务编号：310206,1000.0,2014-10-13,订单,1
任务编号：310048,300.0,2014-10-12,订单,1
任务编号：309900,300.0,2014-10-11,订单,1
任务编号：309894,300.0,2014-10-11,订单,1
任务编号：309641,576.0,2014-10-09,订单,1
任务编号：309815,300.0,2014-10-10,订单,1
任务编号：309745,300.0,2014-10-10,订单,1
任务编号：309740,300.0,2014-10-10,订单,1
任务编号：309488,400.0,2014-10-09,订单,1
任务编号：309233,200.0,2014-10-07,订单,1
任务编号：309195,800.0,2014-10-06,订单,1
任务编号：309070,300.0,2014-10-05,订单,1
任务编号：309162,500.0,2014-10-06,订单,1
任务编号：309051,150.0,2014-10-05,订单,1
任务编号：309041,300.0,2014-10-04,订单,1
任务编号：308998,200.0,2014-10-04,订单,1
任务编号：309001,500.0,2014-10-04,订单,1
任务编号：308873,350.0,2014-10-02,订单,1
任务编号：308844,900.0,2014-10-01,订单,1
任务编号：308428,1500.0,2014-09-29,订单,1
任务编号：308763,500.0,2014-09-30,订单,1
任务编号：308556,300.0,2014-09-29,订单,1
任务编号：308553,1000.0,2014-09-29,订单,1
任务编号：308475,200.0,2014-09-29,订单,1
任务编号：308476,200.0,2014-09-29,订单,1
任务编号：308443,500.0,2014-09-29,订单,1
任务编号：308168,1000.0,2014-09-27,订单,1
任务编号：308172,850.0,2014-09-27,订单,1
任务编号：307768,1800.0,2014-09-25,订单,1
任务编号：307760,1000.0,2014-09-25,订单,1
任务编号：307753,300.0,2014-09-25,订单,1
任务编号：307721,500.0,2014-09-24,订单,1
任务编号：307707,200.0,2014-09-24,订单,1
任务编号：307526,360.0,2014-09-23,订单,1
任务编号：307497,1000.0,2014-09-23,订单,1
任务编号：307433,100.0,2014-09-23,订单,1
任务编号：307422,300.0,2014-09-23,订单,1
任务编号：307328,600.0,2014-09-22,订单,1
任务编号：307323,500.0,2014-09-22,订单,1
任务编号：307318,300.0,2014-09-22,订单,1
任务编号：307144,300.0,2014-09-22,订单,1
任务编号：307131,360.0,2014-09-22,订单,1
任务编号：307063,300.0,2014-09-21,订单,1
任务编号：307015,400.0,2014-09-21,订单,1
任务编号：306658,300.0,2014-09-19,订单,1
任务编号：306829,1000.0,2014-09-19,订单,1
任务编号：306755,300.0,2014-09-19,订单,1
任务编号：306717,800.0,2014-09-19,订单,1
任务编号：306626,500.0,2014-09-18,订单,1
任务编号：306621,300.0,2014-09-18,订单,1
任务编号：306586,300.0,2014-09-18,订单,1
任务编号：306413,300.0,2014-09-17,订单,1
任务编号：306411,360.0,2014-09-17,订单,1
任务编号：306410,800.0,2014-09-17,订单,1
任务编号：306398,500.0,2014-09-17,订单,1
任务编号：306252,460.0,2014-09-17,订单,1
任务编号：306239,600.0,2014-09-17,订单,1
任务编号：306200,1500.0,2014-09-16,订单,1
任务编号：306199,1500.0,2014-09-16,订单,1
任务编号：306195,1500.0,2014-09-16,订单,1
任务编号：306086,500.0,2014-09-16,订单,1
任务编号：305979,300.0,2014-09-15,订单,1
任务编号：305955,1000.0,2014-09-15,订单,1
任务编号：305907,500.0,2014-09-15,订单,1
任务编号：305884,750.0,2014-09-15,订单,1
任务编号：305837,600.0,2014-09-15,订单,1
任务编号：305783,500.0,2014-09-15,订单,1
任务编号：305753,300.0,2014-09-14,订单,1
任务编号：305722,200.0,2014-09-14,订单,1
任务编号：305711,200.0,2014-09-14,订单,1
任务编号：305661,250.0,2014-09-13,订单,1
任务编号：305631,300.0,2014-09-13,订单,1
任务编号：305626,500.0,2014-09-13,订单,1
任务编号：305564,1000.0,2014-09-12,订单,1
任务编号：305479,600.0,2014-09-12,订单,1
任务编号：305428,300.0,2014-09-12,订单,1
任务编号：305262,450.0,2014-09-11,订单,1
任务编号：305234,350.0,2014-09-11,订单,1
任务编号：305212,1000.0,2014-09-11,订单,1
任务编号：305108,1000.0,2014-09-10,订单,1
任务编号：305048,500.0,2014-09-10,订单,1
任务编号：304951,202.0,2014-09-10,订单,1
任务编号：304932,500.0,2014-09-10,订单,1
任务编号：304854,300.0,2014-09-09,订单,1
任务编号：304751,300.0,2014-09-07,订单,1
任务编号：304728,500.0,2014-09-07,订单,1
任务编号：304122,500.0,2014-09-03,订单,1
任务编号：304536,500.0,2014-09-05,订单,1
任务编号：304550,1500.0,2014-09-05,订单,1
任务编号：304548,1500.0,2014-09-05,订单,1
任务编号：304547,1500.0,2014-09-05,订单,1
任务编号：304527,500.0,2014-09-05,订单,1
任务编号：304494,300.0,2014-09-05,订单,1
任务编号：304461,1100.0,2014-09-05,订单,1
任务编号：304458,500.0,2014-09-05,订单,1
任务编号：304274,1200.0,2014-09-04,订单,1
任务编号：304226,1000.0,2014-09-04,订单,1
任务编号：304116,1000.0,2014-09-03,订单,1
任务编号：303967,300.0,2014-09-02,订单,1
任务编号：303884,666.0,2014-09-02,订单,1
任务编号：303764,500.0,2014-09-02,订单,1
任务编号：302865,300.0,2014-08-27,订单,1
任务编号：303534,200.0,2014-09-01,订单,1
任务编号：303495,300.0,2014-08-31,订单,1
任务编号：303348,400.0,2014-08-29,订单,1
任务编号：303328,400.0,2014-08-29,订单,1
任务编号：303205,1000.0,2014-08-29,订单,1
任务编号：303083,360.0,2014-08-28,订单,1
任务编号：302987,1000.0,2014-08-28,订单,1
任务编号：302995,500.0,2014-08-28,订单,1
任务编号：302684,300.0,2014-08-26,订单,1
任务编号：302934,600.0,2014-08-27,订单,1
任务编号：302911,100.0,2014-08-27,订单,1
任务编号：302891,400.0,2014-08-27,订单,1
任务编号：302444,300.0,2014-08-25,订单,1
任务编号：302410,150.0,2014-08-25,订单,1
任务编号：302361,500.0,2014-08-25,订单,1
任务编号：302358,500.0,2014-08-25,订单,1
任务编号：302309,450.0,2014-08-24,订单,1
任务编号：302156,300.0,2014-08-23,订单,1
任务编号：302043,200.0,2014-08-22,订单,1
任务编号：301953,198.0,2014-08-22,订单,1
任务编号：301922,600.0,2014-08-21,订单,1
任务编号：301744,300.0,2014-08-21,订单,1
任务编号：301735,500.0,2014-08-21,订单,1
任务编号：301511,360.0,2014-08-20,订单,1
任务编号：301682,200.0,2014-08-20,订单,1
任务编号：301667,300.0,2014-08-20,订单,1
任务编号：301623,1000.0,2014-08-20,订单,1
任务编号：301431,500.0,2014-08-19,订单,1
任务编号：301294,360.0,2014-08-19,订单,1
任务编号：301240,1500.0,2014-08-18,订单,1
任务编号：301239,1500.0,2014-08-18,订单,1
任务编号：301237,1500.0,2014-08-18,订单,1
任务编号：301119,800.0,2014-08-18,订单,1
任务编号：301111,100.0,2014-08-18,订单,1
任务编号：301106,300.0,2014-08-18,订单,1
任务编号：301099,500.0,2014-08-18,订单,1
任务编号：301080,1000.0,2014-08-18,订单,1
任务编号：301039,500.0,2014-08-17,订单,1
任务编号：301025,500.0,2014-08-17,订单,1
任务编号：300968,150.0,2014-08-16,订单,1
任务编号：300721,500.0,2014-08-14,订单,1
任务编号：300844,500.0,2014-08-15,订单,1
任务编号：300799,1000.0,2014-08-15,订单,1
任务编号：300696,300.0,2014-08-14,订单,1
任务编号：300476,1000.0,2014-08-13,订单,1
任务编号：300211,1000.0,2014-08-12,订单,1
任务编号：300433,300.0,2014-08-13,订单,1
任务编号：300074,300.0,2014-08-11,订单,1
任务编号：299974,300.0,2014-08-11,订单,1
任务编号：299889,300.0,2014-08-11,订单,1
任务编号：299817,500.0,2014-08-10,订单,1
任务编号：299793,300.0,2014-08-10,订单,1
任务编号：299770,300.0,2014-08-10,订单,1
任务编号：299712,300.0,2014-08-09,订单,1
任务编号：299427,300.0,2014-08-08,订单,1
任务编号：299394,2000.0,2014-08-07,订单,1
任务编号：299339,1000.0,2014-08-07,订单,1
任务编号：299327,600.0,2014-08-07,订单,1
任务编号：299244,300.0,2014-08-07,订单,1
任务编号：299171,500.0,2014-08-06,订单,1
任务编号：299144,300.0,2014-08-06,订单,1
任务编号：298993,1500.0,2014-08-06,订单,1
任务编号：298986,1500.0,2014-08-06,订单,1
任务编号：298966,400.0,2014-08-06,订单,1
任务编号：298946,800.0,2014-08-06,订单,1
任务编号：298892,360.0,2014-08-05,订单,1
任务编号：298646,300.0,2014-08-04,订单,1
任务编号：298691,300.0,2014-08-04,订单,1
任务编号：298617,3000.0,2014-08-04,订单,1
任务编号：298531,300.0,2014-08-04,订单,1
任务编号：298339,1000.0,2014-08-02,订单,1
任务编号：298331,300.0,2014-08-02,订单,1
任务编号：298326,300.0,2014-08-02,订单,1
任务编号：297925,300.0,2014-07-31,订单,1
任务编号：297924,800.0,2014-07-31,订单,1
任务编号：297857,1400.0,2014-07-31,订单,1
任务编号：297856,518.0,2014-07-31,订单,1
任务编号：297852,2000.0,2014-07-31,订单,1
任务编号：297802,300.0,2014-07-31,订单,1
任务编号：324619,400.0,2014-12-26,订单,1
任务编号：323793,3500.0,2014-12-23,订单,1
任务编号：323586,200.0,2014-12-22,订单,1
任务编号：322159,1000.0,2014-12-15,订单,1
任务编号：321984,480.0,2014-12-15,订单,1
任务编号：320377,900.0,2014-12-05,订单,1
任务编号：319290,1000.0,2014-11-29,订单,1
任务编号：319292,1000.0,2014-11-29,订单,1
任务编号：318550,130.0,2014-11-25,订单,1
任务编号：317575,600.0,2014-11-20,订单,1
任务编号：317186,900.0,2014-11-19,订单,1
任务编号：316661,800.0,2014-11-16,订单,1
任务编号：316582,1000.0,2014-11-15,订单,1
任务编号：313365,500.0,2014-10-30,订单,1
任务编号：313054,380.0,2014-10-28,订单,1
任务编号：312943,500.0,2014-10-28,订单,1
任务编号：312829,1000.0,2014-10-27,订单,1
任务编号：312140,100.0,2014-10-23,订单,1
任务编号：311723,800.0,2014-10-21,订单,1
任务编号：311530,1500.0,2014-10-20,订单,1
任务编号：311306,300.0,2014-10-19,订单,1
任务编号：309807,500.0,2014-10-10,订单,1
任务编号：309637,1000.0,2014-10-09,订单,1
任务编号：309413,4888.0,2014-10-08,订单,1
任务编号：308304,200.0,2014-09-28,订单,1
任务编号：307799,300.0,2014-09-25,订单,1
任务编号：307500,800.0,2014-09-23,订单,1
任务编号：307301,1000.0,2014-09-22,订单,1
任务编号：306393,600.0,2014-09-17,订单,1
任务编号：305332,1000.0,2014-09-11,订单,1
任务编号：305131,700.0,2014-09-11,订单,1
任务编号：305146,200.0,2014-09-11,订单,1
任务编号：304955,500.0,2014-09-10,订单,1
任务编号：304832,1000.0,2014-09-09,订单,1
任务编号：304708,300.0,2014-09-07,订单,1
任务编号：304252,200.0,2014-09-04,订单,1
任务编号：303710,200.0,2014-09-01,订单,1
任务编号：302807,500.0,2014-08-27,订单,1
任务编号：302219,300.0,2014-08-24,订单,1
任务编号：302129,2000.0,2014-08-23,订单,1
任务编号：302051,500.0,2014-08-22,订单,1
任务编号：302059,500.0,2014-08-22,订单,1
任务编号：301543,500.0,2014-08-20,订单,1
任务编号：301013,400.0,2014-08-17,订单,1
任务编号：301006,500.0,2014-08-17,订单,1
任务编号：300594,500.0,2014-08-13,订单,1
任务编号：299779,1000.0,2014-08-10,订单,1
任务编号：299560,2000.0,2014-08-08,订单,1
任务编号：298411,700.0,2014-08-03,订单,1
任务编号：298366,2000.0,2014-08-02,订单,1
任务编号：298333,100.0,2014-08-02,订单,1
任务编号：298182,1500.0,2014-08-01,订单,1
任务编号：297649,500.0,2014-07-30,订单,1
任务编号：297461,500.0,2014-07-29,订单,1
任务编号：297361,100.0,2014-07-29,订单,1
任务编号：296607,800.0,2014-07-24,订单,1
任务编号：296600,500.0,2014-07-24,订单,1
任务编号：296408,300.0,2014-07-23,订单,1
任务编号：295978,300.0,2014-07-21,订单,1
任务编号：294842,800.0,2014-07-14,订单,1
任务编号：294306,1000.0,2014-07-10,订单,1
任务编号：294265,150.0,2014-07-10,订单,1
任务编号：293798,2000.0,2014-07-07,订单,1
任务编号：293724,880.0,2014-07-07,订单,1
任务编号：293055,680.0,2014-07-02,订单,1
任务编号：292972,500.0,2014-07-02,订单,1
任务编号：292807,998.0,2014-07-01,订单,1
任务编号：292721,1000.0,2014-07-01,订单,1
任务编号：292562,500.0,2014-06-30,订单,1
任务编号：292348,1000.0,2014-06-28,订单,1
任务编号：291927,1500.0,2014-06-25,订单,1
任务编号：291529,500.0,2014-06-23,订单,1
任务编号：291025,1000.0,2014-06-19,订单,1
任务编号：290665,3500.0,2014-06-17,订单,1
任务编号：290406,770.0,2014-06-16,订单,1
任务编号：289625,999.0,2014-06-10,订单,1
任务编号：288801,500.0,2014-06-04,订单,1
任务编号：288700,800.0,2014-06-04,订单,1
任务编号：288648,8000.0,2014-06-04,订单,1
任务编号：288549,500.0,2014-06-03,订单,1
任务编号：288407,2688.0,2014-05-31,订单,1
任务编号：288356,600.0,2014-05-30,订单,1
任务编号：288061,200.0,2014-05-29,订单,1
任务编号：287707,600.0,2014-05-27,订单,1
任务编号：287524,600.0,2014-05-26,订单,1
任务编号：287262,1000.0,2014-05-23,订单,1
任务编号：287100,1200.0,2014-05-22,订单,1
任务编号：285905,300.0,2014-05-14,订单,1
任务编号：285955,600.0,2014-05-14,订单,1
任务编号：285946,500.0,2014-05-14,订单,1
任务编号：285063,200.0,2014-05-08,订单,1
任务编号：284494,1000.0,2014-05-05,订单,1
任务编号：284468,1000.0,2014-05-05,订单,1
任务编号：283432,4000.0,2014-04-28,订单,1
任务编号：266651,200.0,2014-04-27,订单,1
任务编号：258626,500.0,2014-04-25,订单,1
任务编号：257949,400.0,2014-04-22,订单,1
任务编号：257311,300.0,2014-04-17,订单,1
任务编号：257095,300.0,2014-04-16,订单,1
任务编号：255936,500.0,2014-04-11,订单,1
任务编号：254896,300.0,2014-04-03,订单,1
任务编号：254283,500.0,2014-03-30,订单,1
任务编号：253796,15000.0,2014-03-25,订单,1
任务编号：253427,1600.0,2014-03-23,订单,1
任务编号：253161,2000.0,2014-03-21,订单,1
任务编号：253052,600.0,2014-03-20,订单,1
任务编号：252969,350.0,2014-03-20,订单,1
任务编号：252759,580.0,2014-03-19,订单,1
任务编号：252294,500.0,2014-03-16,订单,1
任务编号：252185,2000.0,2014-03-15,订单,1
任务编号：251534,200.0,2014-03-11,订单,1
任务编号：250155,500.0,2014-03-01,订单,1
任务编号：247241,5000.0,2014-02-05,订单,1
任务编号：245621,800.0,2014-01-14,订单,1
任务编号：244141,300.0,2014-01-02,订单,1
任务编号：319625,100.0,2014-12-01,订单,1
任务编号：293975,2900.0,2014-07-08,订单,1
任务编号：293019,2230.0,2014-07-02,订单,1
任务编号：318435,2000.0,2014-11-25,订单,1
任务编号：300419,2000.0,2014-08-13,订单,1
任务编号：293210,2000.0,2014-07-03,订单,1
任务编号：290072,2000.0,2014-06-13,订单,1
任务编号：252702,2000.0,2014-03-18,订单,1
任务编号：246908,1688.0,2014-01-25,订单,1
任务编号：303079,1500.0,2014-08-28,订单,1
任务编号：290083,1500.0,2014-06-13,订单,1
任务编号：259339,1500.0,2014-04-26,订单,1
任务编号：254010,1500.0,2014-03-27,订单,1
任务编号：308681,1280.0,2014-09-30,订单,1
任务编号：306718,1200.0,2014-09-19,订单,1
任务编号：305616,1200.0,2014-09-13,订单,1
任务编号：288275,1200.0,2014-05-30,订单,1
任务编号：286148,1200.0,2014-05-15,订单,1
任务编号：251466,1200.0,2014-03-10,订单,1
任务编号：250291,1200.0,2014-03-02,订单,1
任务编号：295851,1080.0,2014-07-20,订单,1
任务编号：319010,1000.0,2014-11-27,订单,1
任务编号：315094,1000.0,2014-11-07,订单,1
任务编号：313718,1000.0,2014-10-31,订单,1
任务编号：308691,1000.0,2014-09-30,订单,1
任务编号：303030,1000.0,2014-08-28,订单,1
任务编号：300587,1000.0,2014-08-13,订单,1
任务编号：299788,1000.0,2014-08-10,订单,1
任务编号：299528,400.0,2014-08-08,订单,1
任务编号：293350,1000.0,2014-07-04,订单,1
任务编号：255302,1000.0,2014-04-07,订单,1
任务编号：315410,900.0,2014-11-09,订单,1
任务编号：296979,900.0,2014-07-26,订单,1
任务编号：309611,800.0,2014-10-09,订单,1
任务编号：305800,800.0,2014-09-15,订单,1
任务编号：284188,800.0,2014-05-03,订单,1
任务编号：246485,800.0,2014-01-22,订单,1
任务编号：244318,800.0,2014-01-03,订单,1
任务编号：292449,700.0,2014-06-30,订单,1
任务编号：254524,688.0,2014-04-01,订单,1
任务编号：307202,600.0,2014-09-22,订单,1
任务编号：299014,600.0,2014-08-06,订单,1
任务编号：289099,600.0,2014-06-06,订单,1
任务编号：287879,600.0,2014-05-28,订单,1
任务编号：284427,600.0,2014-05-05,订单,1
任务编号：259368,600.0,2014-04-26,订单,1
任务编号：257292,600.0,2014-04-17,订单,1
任务编号：244992,600.0,2014-01-09,订单,1
任务编号：294146,550.0,2014-07-09,订单,1
任务编号：322685,400.0,2014-12-17,订单,1
任务编号：311804,400.0,2014-10-21,订单,1
任务编号：299944,400.0,2014-08-11,订单,1
任务编号：292723,400.0,2014-07-01,订单,1
任务编号：288248,400.0,2014-05-30,订单,1
任务编号：286851,400.0,2014-05-20,订单,1
任务编号：285094,400.0,2014-05-09,订单,1
任务编号：257757,400.0,2014-04-20,订单,1
任务编号：252335,350.0,2014-03-16,订单,1
任务编号：324695,300.0,2014-12-27,订单,1
任务编号：322438,300.0,2014-12-17,订单,1
任务编号：321692,300.0,2014-12-12,订单,1
任务编号：317991,300.0,2014-11-23,订单,1
任务编号：315989,300.0,2014-11-12,订单,1
任务编号：314613,300.0,2014-11-05,订单,1
任务编号：311396,300.0,2014-10-20,订单,1
任务编号：308325,300.0,2014-09-28,订单,1
任务编号：308221,300.0,2014-09-28,订单,1
任务编号：297578,300.0,2014-07-30,订单,1
任务编号：297320,300.0,2014-07-28,订单,1
任务编号：297071,300.0,2014-07-27,订单,1
任务编号：296457,300.0,2014-07-23,订单,1
任务编号：295094,300.0,2014-07-15,订单,1
任务编号：294487,300.0,2014-07-11,订单,1
任务编号：293283,300.0,2014-07-04,订单,1
任务编号：292003,300.0,2014-06-26,订单,1
任务编号：291699,300.0,2014-06-24,订单,1
任务编号：291257,300.0,2014-06-20,订单,1
任务编号：290309,300.0,2014-06-15,订单,1
任务编号：290245,300.0,2014-06-14,订单,1
任务编号：289717,300.0,2014-06-11,订单,1
任务编号：287676,300.0,2014-05-26,订单,1
任务编号：287533,300.0,2014-05-26,订单,1
任务编号：287453,300.0,2014-05-25,订单,1
任务编号：286276,300.0,2014-05-16,订单,1
任务编号：284588,300.0,2014-05-06,订单,1
任务编号：284591,300.0,2014-05-06,订单,1
任务编号：284291,300.0,2014-05-04,订单,1
任务编号：258172,300.0,2014-04-23,订单,1
任务编号：257092,300.0,2014-04-16,订单,1
任务编号：253940,300.0,2014-03-27,订单,1
任务编号：252621,300.0,2014-03-18,订单,1
任务编号：250694,300.0,2014-03-05,订单,1
任务编号：245282,300.0,2014-01-11,订单,1
任务编号：244599,300.0,2014-01-06,订单,1
任务编号：250808,230.0,2014-03-05,订单,1
任务编号：324824,200.0,2014-12-28,订单,1
任务编号：323280,200.0,2014-12-20,订单,1
任务编号：323285,200.0,2014-12-20,订单,1
任务编号：322745,200.0,2014-12-18,订单,1
任务编号：312403,200.0,2014-10-24,订单,1
任务编号：309910,200.0,2014-10-11,订单,1
任务编号：306927,200.0,2014-09-20,订单,1
任务编号：305739,200.0,2014-09-14,订单,1
任务编号：295459,200.0,2014-07-17,订单,1
任务编号：295121,200.0,2014-07-16,订单,1
任务编号：293272,200.0,2014-07-04,订单,1
任务编号：293165,200.0,2014-07-03,订单,1
任务编号：290578,200.0,2014-06-17,订单,1
任务编号：290095,200.0,2014-06-13,订单,1
任务编号：287722,200.0,2014-05-27,订单,1
任务编号：287558,200.0,2014-05-26,订单,1
任务编号：284758,200.0,2014-05-07,订单,1
任务编号：258220,200.0,2014-04-23,订单,1
任务编号：255406,200.0,2014-04-08,订单,1
任务编号：255263,200.0,2014-04-06,订单,1
任务编号：252757,200.0,2014-03-19,订单,1
任务编号：252397,200.0,2014-03-17,订单,1
任务编号：250025,200.0,2014-02-28,订单,1
任务编号：247832,200.0,2014-02-11,订单,1
任务编号：246196,200.0,2014-01-18,订单,1
任务编号：245011,200.0,2014-01-09,订单,1
任务编号：259304,60.0,2014-04-26,订单,1
任务编号：315829,500.0,2014-11-12,订单,1
任务编号：299038,100.0,2014-08-06,订单,1
任务编号：257718,250.0,2014-04-20,订单,1
任务编号：324833,500.0,2014-12-28,订单,1
任务编号：324385,800.0,2014-12-25,订单,1
任务编号：323498,1300.0,2014-12-22,订单,1
任务编号：323008,700.0,2014-12-19,订单,1
任务编号：322766,1000.0,2014-12-18,订单,1
任务编号：322747,300.0,2014-12-18,订单,1
任务编号：320167,600.0,2014-12-04,订单,1
任务编号：319840,800.0,2014-12-02,订单,1
任务编号：318704,800.0,2014-11-26,订单,1
任务编号：316341,500.0,2014-11-14,订单,1
任务编号：314774,8000.0,2014-11-06,订单,1
任务编号：311830,300.0,2014-10-21,订单,1
任务编号：310400,600.0,2014-10-14,订单,1
任务编号：309871,350.0,2014-10-11,订单,1
任务编号：308910,300.0,2014-10-03,订单,1
任务编号：308979,700.0,2014-10-04,订单,1
任务编号：308933,500.0,2014-10-03,订单,1
任务编号：307288,3000.0,2014-09-22,订单,1
任务编号：306163,1500.0,2014-09-16,订单,1
任务编号：306156,3500.0,2014-09-16,订单,1
