Designer_ID,Year,Niche_Width,Resource_Volume,Total_Overlap,Mean_Overlap,Competitor_Count
1号品牌设计,2024,7.142470104448084,1.9999999999999996,150.40734812927107,0.14980811566660465,240
@烨名珠@,2024,5.596781771843914,1.0,37.828124150361255,0.03767741449239169,43
ALEX设计,2024,3.3672958299864737,0.9999999999999998,1.723778118553048,0.0017169104766464622,2
B1068632,2024,4.524691747155912,1.0000000000000004,14.665905438295027,0.014607475536150426,20
B1068818,2024,6.710468963622217,1.0,154.85680379039104,0.15423984441274008,232
B1068990,2024,4.524691747155912,1.0000000000000004,14.665905438295027,0.014607475536150426,20
B1069269,2024,7.142470104448084,0.9999999999999998,150.40734812927107,0.14980811566660465,240
B1069276,2024,5.468531131508575,0.9999999999999999,54.222129696755694,0.05400610527565308,162
B1069279,2024,6.6809613156555825,1.0,103.96398462521535,0.10354978548328221,212
B1069296,2024,6.238001393649558,1.0000000000000002,114.66856362411602,0.11421171675708766,217
B1069375,2024,4.2484952420493585,0.9999999999999998,17.84520289674323,0.017774106470859793,23
B1069394,2024,6.238001393649558,1.0000000000000002,114.66856362411602,0.11421171675708766,217
B1069423,2024,4.847545900869905,1.0,17.481175833417403,0.017411529714559167,27
B1069436,2024,4.524742703680449,0.9999999999999999,22.621355364457116,0.02253123044268637,28
B1069459,2024,6.710468963622217,1.0,154.85680379039104,0.15423984441274008,232
B1069473,2024,6.238001393649558,1.0000000000000002,114.66856362411602,0.11421171675708766,217
B1069656,2024,7.142470104448084,0.9999999999999998,150.40734812927107,0.14980811566660465,240
B1069701,2024,4.928068885946765,1.0,23.542004422206425,0.023448211575902815,47
B1069704,2024,6.238001393649558,1.0000000000000002,114.66856362411602,0.11421171675708766,217
B1069988,2024,4.928068885946765,1.0,23.542004422206425,0.023448211575902815,47
B1070039,2024,2.3025850929940455,1.0,1.0459903999656388,0.0010418231075354969,2
B1070077,2024,6.710468963622217,1.0,154.85680379039104,0.15423984441274008,232
B1070087,2024,2.0794415416798357,1.0,3.843754484585211,0.0038284407216984174,4
B1070088,2024,2.0794415416798357,1.0,3.843754484585211,0.0038284407216984174,4
B1070154,2024,2.0794415416798357,1.0,3.843754484585211,0.0038284407216984174,4
B1070175,2024,2.0794415416798357,1.0,3.843754484585211,0.0038284407216984174,4
B1070193,2024,5.468531131508575,0.9999999999999999,54.222129696755694,0.05400610527565308,162
B1070255,2024,6.710468963622217,1.0,154.85680379039104,0.15423984441274008,232
B1070297,2024,5.846390188378713,1.0,33.75032740081801,0.033615863945037856,42
B1070344,2024,6.238001393649558,1.0000000000000002,114.66856362411602,0.11421171675708766,217
B1070369,2024,7.142470104448084,0.9999999999999998,150.40734812927107,0.14980811566660465,240
B1070449,2024,2.6390573296152597,0.9999999999999998,4.378409526622615,0.004360965663966748,5
B1070501,2024,4.524691747155912,1.0000000000000004,14.665905438295027,0.014607475536150426,20
B1070535,2024,6.710468963622217,1.0,154.85680379039104,0.15423984441274008,232
B1070649,2024,2.6390573296152597,0.9999999999999998,3.625972895750697,0.003611526788596312,4
B1070685,2024,6.710468963622217,1.0,154.85680379039104,0.15423984441274008,232
B1070786,2024,6.6809613156555825,1.0,103.96398462521535,0.10354978548328221,212
B1070819,2024,6.710468963622217,1.0,154.85680379039104,0.15423984441274008,232
B1070924,2024,6.238001393649558,1.0000000000000002,114.66856362411602,0.11421171675708766,217
B1071198,2024,4.501135424923627,1.0,9.753819729270955,0.009714959889712107,15
B1071359,2024,5.020781483716199,0.9999999999999999,21.263175405270143,0.021178461559034006,38
B1071371,2024,6.238001393649558,1.0000000000000002,114.66856362411602,0.11421171675708766,217
B1071395,2024,6.710468963622217,1.0,154.85680379039104,0.15423984441274008,232
B1071423,2024,4.2484952420493585,0.9999999999999998,17.84520289674323,0.017774106470859793,23
B1071560,2024,2.6390573296152597,0.9999999999999998,4.378409526622615,0.004360965663966748,5
B1071760,2024,7.142470104448084,0.9999999999999998,150.40734812927107,0.14980811566660465,240
B1071806,2024,4.928068885946765,1.0,23.542004422206425,0.023448211575902815,47
B1072277,2024,6.710468963622217,1.0,154.85680379039104,0.15423984441274008,232
B1072282,2024,4.2484952420493585,0.9999999999999998,17.84520289674323,0.017774106470859793,23
B1072590,2024,3.1780538303479453,0.9999999999999997,8.909010371360132,0.00887351630613559,10
B1072594,2024,3.773215553740778,1.0,13.5418155680253,0.013487864111578983,19
B1072918,2024,6.238001393649558,1.0000000000000002,114.66856362411602,0.11421171675708766,217
B1072987,2024,6.6809613156555825,1.0,103.96398462521535,0.10354978548328221,212
B1073002,2024,6.238001393649558,1.0000000000000002,114.66856362411602,0.11421171675708766,217
B1073027,2024,3.8206519770053795,1.0000000000000002,4.446622799527085,0.00442890717084371,6
B1073215,2024,6.710468963622217,1.0,154.85680379039104,0.15423984441274008,232
B1073328,2024,5.020781483716199,0.9999999999999999,21.263175405270143,0.021178461559034006,38
B1073475,2024,3.1780538303479453,0.9999999999999997,8.909010371360132,0.00887351630613559,10
B1073580,2024,7.142470104448084,0.9999999999999998,150.40734812927107,0.14980811566660465,240
B1073855,2024,5.468531131508575,0.9999999999999999,54.222129696755694,0.05400610527565308,162
B1073856,2024,5.468531131508575,0.9999999999999999,54.222129696755694,0.05400610527565308,162
B1074106,2024,2.7516666169315167,1.0,1.9429688453575824,0.00193522793362309,3
B1074223,2024,1.945910149055313,0.9999999999999998,2.930548439367855,0.002918872947577545,3
B1074251,2024,6.6809613156555825,1.0,103.96398462521535,0.10354978548328221,212
B1074279,2024,3.773215553740778,1.0,13.5418155680253,0.013487864111578983,19
B1074354,2024,3.773215553740778,1.0,13.5418155680253,0.013487864111578983,19
B1074384,2024,4.524742703680449,0.9999999999999999,22.621355364457116,0.02253123044268637,28
B1074391,2024,6.6809613156555825,1.0,103.96398462521535,0.10354978548328221,212
B1074392,2024,6.6809613156555825,1.0,103.96398462521535,0.10354978548328221,212
B1074449,2024,3.7279051987213574,1.0000000000000002,7.817066801479372,0.007785923109043199,19
B1074462,2024,4.385053487590445,1.0,10.632472068639713,0.010590111622151108,22
B1074528,2024,3.1780538303479453,0.9999999999999997,8.909010371360132,0.00887351630613559,10
B1074616,2024,7.142470104448084,0.9999999999999998,150.40734812927107,0.14980811566660465,240
B1074618,2024,6.6809613156555825,1.0,103.96398462521535,0.10354978548328221,212
B1074727,2024,5.846390188378713,1.0,33.75032740081801,0.033615863945037856,42
B1074858,2024,3.773215553740778,1.0,13.5418155680253,0.013487864111578983,19
B1074978,2024,6.710468963622217,1.0,154.85680379039104,0.15423984441274008,232
B1075017,2024,6.238001393649558,1.0000000000000002,114.66856362411602,0.11421171675708766,217
B1075154,2024,3.773215553740778,1.0,13.5418155680253,0.013487864111578983,19
B1075425,2024,6.6809613156555825,1.0,103.96398462521535,0.10354978548328221,212
B1075476,2024,3.1780538303479453,0.9999999999999997,8.909010371360132,0.00887351630613559,10
B1075512,2024,4.524742703680449,0.9999999999999999,22.621355364457116,0.02253123044268637,28
B1075517,2024,6.238001393649558,1.0000000000000002,114.66856362411602,0.11421171675708766,217
B1075636,2024,5.020781483716199,0.9999999999999999,21.263175405270143,0.021178461559034006,38
B1075899,2024,4.385053487590445,1.0,10.632472068639713,0.010590111622151108,22
B1075918,2024,5.846390188378713,1.0,33.75032740081801,0.033615863945037856,42
B1076021,2024,0.6931471805599453,1.0,1.7782292039327072,0.0017711446254309834,2
B1076237,2024,5.468531131508575,0.9999999999999999,54.222129696755694,0.05400610527565308,162
B1076409,2024,4.199121023394934,1.0,9.030912962457327,0.00899493322953917,12
B1076425,2024,4.524742703680449,0.9999999999999999,22.621355364457116,0.02253123044268637,28
B1076522,2024,5.846390188378713,1.0,33.75032740081801,0.033615863945037856,42
B1076579,2024,2.6390573296152597,0.9999999999999998,4.378409526622615,0.004360965663966748,5
B1076764,2024,2.997068727089017,1.0000000000000002,6.647521820621595,0.0066210376699418275,7
B1077156,2024,4.524742703680449,0.9999999999999999,22.621355364457116,0.02253123044268637,28
B1077287,2024,4.524691747155912,1.0000000000000004,14.665905438295027,0.014607475536150426,20
B1077339,2024,2.3025850929940455,1.0,0.9999999999999997,0.0009960159362549798,1
B1077446,2024,7.142470104448084,0.9999999999999998,150.40734812927107,0.14980811566660465,240
B1077472,2024,4.2484952420493585,0.9999999999999998,17.84520289674323,0.017774106470859793,23
B1077685,2024,6.238001393649558,1.0000000000000002,114.66856362411602,0.11421171675708766,217
B1077884,2024,3.773215553740778,1.0,13.5418155680253,0.013487864111578983,19
B1077891,2024,6.710468963622217,1.0,154.85680379039104,0.15423984441274008,232
B1078114,2024,6.238001393649558,1.0000000000000002,114.66856362411602,0.11421171675708766,217
B1078213,2024,3.769830566210458,1.0000000000000002,7.3106547988894555,0.007281528684152844,9
B1078224,2024,5.020781483716199,0.9999999999999999,21.263175405270143,0.021178461559034006,38
B1078227,2024,6.238001393649558,1.0000000000000002,114.66856362411602,0.11421171675708766,217
B1078482,2024,6.710468963622217,1.0,154.85680379039104,0.15423984441274008,232
B1078542,2024,4.136811988115548,1.0000000000000002,14.462133804176924,0.014404515741212076,21
B1078544,2024,6.710468963622217,1.0,154.85680379039104,0.15423984441274008,232
B1078676,2024,6.238001393649558,1.0000000000000002,114.66856362411602,0.11421171675708766,217
B1078708,2024,7.142470104448084,0.9999999999999998,150.40734812927107,0.14980811566660465,240
B1078735,2024,6.238001393649558,1.0000000000000002,114.66856362411602,0.11421171675708766,217
B1078840,2024,4.847545900869905,1.0,17.481175833417403,0.017411529714559167,27
B1079044,2024,7.142470104448084,0.9999999999999998,150.40734812927107,0.14980811566660465,240
B1079394,2024,2.997068727089017,1.0000000000000002,6.647521820621595,0.0066210376699418275,7
B1079460,2024,4.928068885946765,1.0,23.542004422206425,0.023448211575902815,47
B1079557,2024,3.773215553740778,1.0,13.5418155680253,0.013487864111578983,19
B1079600,2024,4.136811988115548,1.0000000000000002,14.462133804176924,0.014404515741212076,21
B1079678,2024,1.3862943611198906,1.0,0.8749156179177359,0.0008714298983244381,1
B1079762,2024,7.142470104448084,0.9999999999999998,150.40734812927107,0.14980811566660465,240
B1080155,2024,1.6094379124341005,1.0,2.9292615265930833,0.002917591161945302,4
B1080191,2024,4.300524654028781,1.0,16.523577107275827,0.016457746122784687,20
B1080361,2024,6.710468963622217,1.0,154.85680379039104,0.15423984441274008,232
B1080473,2024,3.0280290733074113,0.9999999999999998,52.428404248145185,0.0522195261435709,139
B1080628,2024,2.772588722239781,1.0,6.443097009215644,0.006417427300015582,7
B1080849,2024,2.3025850929940455,1.0,1.5537137810106492,0.0015475236862655868,2
B1080896,2024,4.199121023394934,1.0,9.030912962457327,0.00899493322953917,12
B1080932,2024,2.772588722239781,1.0,6.443097009215644,0.006417427300015582,7
B1081062,2024,6.238001393649558,1.0000000000000002,114.66856362411602,0.11421171675708766,217
B1081307,2024,3.9821278332121093,1.0,9.352433665778372,0.00931517297388284,13
B1081314,2024,4.039413947788695,1.0,6.392748513022075,0.006367279395440313,8
B1081392,2024,4.524691747155912,1.0000000000000004,14.665905438295027,0.014607475536150426,20
B1081410,2024,4.300524654028781,1.0,16.523577107275827,0.016457746122784687,20
B1081633,2024,6.238001393649558,1.0000000000000002,114.66856362411602,0.11421171675708766,217
B1082156,2024,6.238001393649558,1.0000000000000002,114.66856362411602,0.11421171675708766,217
B1082305,2024,5.846390188378713,1.0,33.75032740081801,0.033615863945037856,42
B1082402,2024,2.890371757896165,1.0,2.0000000000000004,0.0019920318725099606,2
B1082423,2024,6.710468963622217,1.0,154.85680379039104,0.15423984441274008,232
B1082794,2024,6.710468963622217,1.0,154.85680379039104,0.15423984441274008,232
B1082819,2024,5.020781483716199,0.9999999999999999,21.263175405270143,0.021178461559034006,38
B1083011,2024,1.6094379124341005,1.0,2.9292615265930833,0.002917591161945302,4
B1083141,2024,6.710468963622217,1.0,154.85680379039104,0.15423984441274008,232
B1083256,2024,6.238001393649558,1.0000000000000002,114.66856362411602,0.11421171675708766,217
B1083278,2024,1.945910149055313,0.9999999999999998,2.930548439367855,0.002918872947577545,3
B1083313,2024,5.846390188378713,1.0,33.75032740081801,0.033615863945037856,42
B1083335,2024,6.238001393649558,1.0000000000000002,114.66856362411602,0.11421171675708766,217
B1083926,2024,4.136811988115548,1.0000000000000002,14.462133804176924,0.014404515741212076,21
B1083968,2024,1.0986122886681096,1.0,3.4673492969055393,0.0034535351562804176,4
B1084161,2024,5.846390188378713,1.0,33.75032740081801,0.033615863945037856,42
B1084202,2024,2.772588722239781,1.0,6.443097009215644,0.006417427300015582,7
B1084330,2024,6.710468963622217,1.0,154.85680379039104,0.15423984441274008,232
B1084384,2024,1.6094379124341005,1.0,2.9292615265930833,0.002917591161945302,4
B1084474,2024,1.0986122886681096,1.0,2.957807839889618,0.002946023744909978,3
B1084499,2024,2.484906649788001,1.0,0.7529504801351623,0.0007499506774254604,1
B1084567,2024,6.238001393649558,1.0000000000000002,114.66856362411602,0.11421171675708766,217
B1084960,2024,4.524742703680449,0.9999999999999999,22.621355364457116,0.02253123044268637,28
B1085117,2024,4.524742703680449,0.9999999999999999,22.621355364457116,0.02253123044268637,28
B1085214,2024,6.6809613156555825,1.0,103.96398462521535,0.10354978548328221,212
B1085239,2024,6.238001393649558,1.0000000000000002,114.66856362411602,0.11421171675708766,217
B1085300,2024,3.9821278332121093,1.0,9.352433665778372,0.00931517297388284,13
B1085328,2024,6.710468963622217,1.0,154.85680379039104,0.15423984441274008,232
B1085368,2024,4.136811988115548,1.0000000000000002,14.462133804176924,0.014404515741212076,21
B1085385,2024,6.238001393649558,1.0000000000000002,114.66856362411602,0.11421171675708766,217
B1085532,2024,2.772588722239781,1.0,6.443097009215644,0.006417427300015582,7
B1085808,2024,2.772588722239781,1.0,6.443097009215644,0.006417427300015582,7
B1085952,2024,6.710468963622217,1.0,154.85680379039104,0.15423984441274008,232
B1086009,2024,3.1780538303479453,0.9999999999999997,8.909010371360132,0.00887351630613559,10
B1086035,2024,3.8206519770053795,1.0000000000000002,4.446622799527085,0.00442890717084371,6
B1086258,2024,4.928068885946765,1.0,23.542004422206425,0.023448211575902815,47
B1086348,2024,6.710468963622217,1.0,154.85680379039104,0.15423984441274008,232
B1086498,2024,0.6931471805599453,1.0,1.7782292039327072,0.0017711446254309834,2
B1086520,2024,6.710468963622217,1.0,154.85680379039104,0.15423984441274008,232
B1086819,2024,1.0986122886681096,1.0,2.957807839889618,0.002946023744909978,3
B1086833,2024,4.385053487590445,1.0,10.632472068639713,0.010590111622151108,22
B1086876,2024,1.7917594692280547,0.9999999999999999,0.8262047402442259,0.0008229130878926553,1
B1086931,2024,2.772588722239781,1.0,6.443097009215644,0.006417427300015582,7
B1087060,2024,7.142470104448084,0.9999999999999998,150.40734812927107,0.14980811566660465,240
B1087064,2024,3.0910424533583156,0.9999999999999998,0.6473511997677979,0.0006447721113225078,1
B1087125,2024,4.136811988115548,1.0000000000000002,14.462133804176924,0.014404515741212076,21
B1087142,2024,4.385053487590445,1.0,10.632472068639713,0.010590111622151108,22
B1087173,2024,6.238001393649558,1.0000000000000002,114.66856362411602,0.11421171675708766,217
B1087399,2024,1.0986122886681096,1.0,17.69608753217495,0.01762558519140931,79
B1087436,2024,6.238001393649558,1.0000000000000002,114.66856362411602,0.11421171675708766,217
B1087485,2024,3.773215553740778,1.0,13.5418155680253,0.013487864111578983,19
B1087554,2024,3.0280290733074113,0.9999999999999998,52.428404248145185,0.0522195261435709,139
B1087657,2024,4.195850242567769,1.0,16.271726167056364,0.016206898572765305,20
B1087710,2024,4.195850242567769,1.0,16.271726167056364,0.016206898572765305,20
B1087715,2024,4.199121023394934,1.0,9.030912962457327,0.00899493322953917,12
B1087724,2024,4.2484952420493585,0.9999999999999998,17.84520289674323,0.017774106470859793,23
B1087873,2024,4.195850242567769,1.0,16.271726167056364,0.016206898572765305,20
B1087879,2024,4.195850242567769,1.0,16.271726167056364,0.016206898572765305,20
B1087990,2024,4.195850242567769,1.0,16.271726167056364,0.016206898572765305,20
B1088090,2024,5.846390188378713,1.0,33.75032740081801,0.033615863945037856,42
B1088197,2024,1.3862943611198906,1.0,1.0,0.00099601593625498,1
B1088203,2024,5.846390188378713,1.0,33.75032740081801,0.033615863945037856,42
B1088397,2024,4.195850242567769,1.0,16.271726167056364,0.016206898572765305,20
B1088579,2024,4.195850242567769,1.0,16.271726167056364,0.016206898572765305,20
B1088688,2024,4.195850242567769,1.0,16.271726167056364,0.016206898572765305,20
B1088832,2024,2.9957322735539904,1.0000000000000002,1.582160811127606,0.0015758573816012011,3
B1088906,2024,1.0986122886681096,1.0,3.4673492969055393,0.0034535351562804176,4
B1088940,2024,4.597790570909371,0.9999999999999996,12.222884081938535,0.012174187332608102,15
B1089088,2024,1.945910149055313,0.9999999999999998,1.2437753312929283,0.001238820051088574,2
B1089163,2024,4.2484952420493585,0.9999999999999998,17.84520289674323,0.017774106470859793,23
B1089261,2024,4.2484952420493585,0.9999999999999998,17.84520289674323,0.017774106470859793,23
B1089501,2024,5.846390188378713,1.0,33.75032740081801,0.033615863945037856,42
B1089550,2024,6.6809613156555825,1.0,103.96398462521535,0.10354978548328221,212
B1089698,2024,4.199121023394934,1.0,9.030912962457327,0.00899493322953917,12
B1089757,2024,1.7917594692280547,0.9999999999999999,3.9999999999999996,0.00398406374501992,4
B1089903,2024,7.142470104448084,0.9999999999999998,150.40734812927107,0.14980811566660465,240
B1090350,2024,4.136811988115548,1.0000000000000002,14.462133804176924,0.014404515741212076,21
B1090396,2024,4.2484952420493585,0.9999999999999998,17.84520289674323,0.017774106470859793,23
B1090397,2024,6.6809613156555825,1.0,103.96398462521535,0.10354978548328221,212
B1090411,2024,4.524742703680449,0.9999999999999999,22.621355364457116,0.02253123044268637,28
B1090412,2024,4.524742703680449,0.9999999999999999,22.621355364457116,0.02253123044268637,28
B1090434,2024,4.928068885946765,1.0,23.542004422206425,0.023448211575902815,47
B1090481,2024,5.846390188378713,1.0,33.75032740081801,0.033615863945037856,42
B1090581,2024,3.9821278332121093,1.0,9.352433665778372,0.00931517297388284,13
B1090686,2024,1.7917594692280547,0.9999999999999999,3.9999999999999996,0.00398406374501992,4
B1090687,2024,7.142470104448084,0.9999999999999998,150.40734812927107,0.14980811566660465,240
B1090719,2024,1.0986122886681096,1.0,2.957807839889618,0.002946023744909978,3
B1090739,2024,4.2484952420493585,0.9999999999999998,17.84520289674323,0.017774106470859793,23
B1090815,2024,2.997068727089017,1.0000000000000002,6.647521820621595,0.0066210376699418275,7
B1090847,2024,3.4965075614664802,1.0,5.464529014365357,0.005442757982435614,6
B1090896,2024,4.784586210346905,1.0,9.401085447320352,0.009363630923625849,17
B1090910,2024,4.928068885946765,1.0,23.542004422206425,0.023448211575902815,47
B1090944,2024,2.6390573296152597,0.9999999999999998,3.625972895750697,0.003611526788596312,4
B1090970,2024,2.3978952727983707,1.0,1.5533623416859776,0.0015471736470975873,2
B1091127,2024,4.300524654028781,1.0,16.523577107275827,0.016457746122784687,20
B1091211,2024,3.1780538303479453,0.9999999999999997,8.909010371360132,0.00887351630613559,10
B1091365,2024,1.0986122886681096,1.0,3.4673492969055393,0.0034535351562804176,4
B1091520,2024,1.7917594692280547,0.9999999999999999,3.9999999999999996,0.00398406374501992,4
B1091643,2024,6.238001393649558,1.0000000000000002,114.66856362411602,0.11421171675708766,217
B1091772,2024,7.142470104448084,0.9999999999999998,150.40734812927107,0.14980811566660465,240
B1091775,2024,6.6809613156555825,1.0,103.96398462521535,0.10354978548328221,212
B1091807,2024,6.238001393649558,1.0000000000000002,114.66856362411602,0.11421171675708766,217
B1092106,2024,7.142470104448084,0.9999999999999998,150.40734812927107,0.14980811566660465,240
B1092250,2024,5.020781483716199,0.9999999999999999,21.263175405270143,0.021178461559034006,38
B1092447,2024,3.4965075614664802,1.0,5.464529014365357,0.005442757982435614,6
B1092567,2024,1.7917594692280547,0.9999999999999999,1.9856773987053478,0.0019777663333718602,2
B1092574,2024,6.238001393649558,1.0000000000000002,114.66856362411602,0.11421171675708766,217
B1092699,2024,1.0986122886681096,1.0,0.9401747164923744,0.0009364290004904127,1
B1092704,2024,6.238001393649558,1.0000000000000002,114.66856362411602,0.11421171675708766,217
B1092923,2024,1.0986122886681096,1.0,0.8960895874166493,0.0008925195093791328,1
B1092985,2024,4.199121023394934,1.0,9.030912962457327,0.00899493322953917,12
B1093064,2024,1.0986122886681096,1.0,3.4673492969055393,0.0034535351562804176,4
B1093179,2024,3.1780538303479453,0.9999999999999997,8.909010371360132,0.00887351630613559,10
B1093317,2024,4.501135424923627,1.0,9.753819729270955,0.009714959889712107,15
B1093340,2024,3.601104729170599,0.9999999999999998,4.6081618448369515,0.004589802634299752,6
B1093348,2024,3.4965075614664802,1.0,5.464529014365357,0.005442757982435614,6
B1093351,2024,4.524742703680449,0.9999999999999999,22.621355364457116,0.02253123044268637,28
B1093783,2024,3.7279051987213574,1.0000000000000002,7.817066801479372,0.007785923109043199,19
B1093956,2024,7.142470104448084,0.9999999999999998,150.40734812927107,0.14980811566660465,240
B1093957,2024,7.142470104448084,0.9999999999999998,150.40734812927107,0.14980811566660465,240
B1093973,2024,4.597790570909371,0.9999999999999996,12.222884081938535,0.012174187332608102,15
B1094038,2024,7.142470104448084,0.9999999999999998,150.40734812927107,0.14980811566660465,240
B1094136,2024,1.7917594692280547,0.9999999999999999,3.9999999999999996,0.00398406374501992,4
B1094188,2024,4.195850242567769,1.0,16.271726167056364,0.016206898572765305,20
B1094192,2024,4.524742703680449,0.9999999999999999,22.621355364457116,0.02253123044268637,28
B1094259,2024,4.136811988115548,1.0000000000000002,14.462133804176924,0.014404515741212076,21
B1094303,2024,6.238001393649558,1.0000000000000002,114.66856362411602,0.11421171675708766,217
B1094343,2024,7.142470104448084,0.9999999999999998,150.40734812927107,0.14980811566660465,240
B1094387,2024,6.710468963622217,1.0,154.85680379039104,0.15423984441274008,232
B1094418,2024,4.195850242567769,1.0,16.271726167056364,0.016206898572765305,20
B1094419,2024,5.020781483716199,0.9999999999999999,21.263175405270143,0.021178461559034006,38
B1094506,2024,7.142470104448084,0.9999999999999998,150.40734812927107,0.14980811566660465,240
B1094608,2024,5.020781483716199,0.9999999999999999,21.263175405270143,0.021178461559034006,38
B1094621,2024,7.142470104448084,0.9999999999999998,150.40734812927107,0.14980811566660465,240
B1094648,2024,3.6888794541139363,1.0000000000000002,4.713235398969788,0.004694457568695008,7
B1094652,2024,3.6888794541139363,1.0000000000000002,4.713235398969788,0.004694457568695008,7
B1094682,2024,6.710468963622217,1.0,154.85680379039104,0.15423984441274008,232
B1094726,2024,3.721032163662311,1.0,2.998050257551054,0.002986105834214197,4
B1094888,2024,3.9821278332121093,1.0,9.352433665778372,0.00931517297388284,13
B1094960,2024,4.039413947788695,1.0,6.392748513022075,0.006367279395440313,8
B1095007,2024,4.928068885946765,1.0,23.542004422206425,0.023448211575902815,47
B1095300,2024,4.2484952420493585,0.9999999999999998,17.84520289674323,0.017774106470859793,23
B1095347,2024,6.238001393649558,1.0000000000000002,114.66856362411602,0.11421171675708766,217
B1095398,2024,5.020781483716199,0.9999999999999999,21.263175405270143,0.021178461559034006,38
B1095442,2024,4.136811988115548,1.0000000000000002,14.462133804176924,0.014404515741212076,21
B1095531,2024,4.524691747155912,1.0000000000000004,14.665905438295027,0.014607475536150426,20
B1095538,2024,4.847545900869905,1.0,17.481175833417403,0.017411529714559167,27
B1095555,2024,7.142470104448084,0.9999999999999998,150.40734812927107,0.14980811566660465,240
B1095701,2024,5.846390188378713,1.0,33.75032740081801,0.033615863945037856,42
B1095881,2024,5.020781483716199,0.9999999999999999,21.263175405270143,0.021178461559034006,38
B1096190,2024,6.6809613156555825,1.0,103.96398462521535,0.10354978548328221,212
B1096614,2024,6.710468963622217,1.0,154.85680379039104,0.15423984441274008,232
B1096676,2024,2.8133554045006157,1.0,3.1443911222979315,0.003131863667627422,4
B1096683,2024,5.846390188378713,1.0,33.75032740081801,0.033615863945037856,42
B1096685,2024,3.337217656292595,1.0,23.427946859583898,0.023334608425880376,36
B1096693,2024,3.337217656292595,1.0,23.427946859583898,0.023334608425880376,36
B1096714,2024,7.142470104448084,0.9999999999999998,150.40734812927107,0.14980811566660465,240
B1096741,2024,5.032143526428882,0.9999999999999998,17.56788245608353,0.01749789089251348,23
B1096752,2024,3.337217656292595,1.0,23.427946859583898,0.023334608425880376,36
B1096771,2024,7.142470104448084,0.9999999999999998,150.40734812927107,0.14980811566660465,240
B1096865,2024,6.710468963622217,1.0,154.85680379039104,0.15423984441274008,232
B1096977,2024,6.710468963622217,1.0,154.85680379039104,0.15423984441274008,232
B1096997,2024,4.524691747155912,1.0000000000000004,14.665905438295027,0.014607475536150426,20
B1097066,2024,6.710468963622217,1.0,154.85680379039104,0.15423984441274008,232
B1097091,2024,6.710468963622217,1.0,154.85680379039104,0.15423984441274008,232
B1097204,2024,3.9821278332121093,1.0,9.352433665778372,0.00931517297388284,13
B1097220,2024,2.6390573296152597,0.9999999999999998,2.7189142238899935,0.0027080818963047745,3
B1097269,2024,4.501135424923627,1.0,9.753819729270955,0.009714959889712107,15
B1097285,2024,3.8206519770053795,1.0000000000000002,4.446622799527085,0.00442890717084371,6
B1097330,2024,3.337217656292595,1.0,23.427946859583898,0.023334608425880376,36
B1097374,2024,6.710468963622217,1.0,154.85680379039104,0.15423984441274008,232
B1097557,2024,4.501135424923627,1.0,9.753819729270955,0.009714959889712107,15
B1097727,2024,4.847545900869905,1.0,17.481175833417403,0.017411529714559167,27
B1097763,2024,3.337217656292595,1.0,23.427946859583898,0.023334608425880376,36
B1097844,2024,5.032143526428882,0.9999999999999998,17.56788245608353,0.01749789089251348,23
B1098006,2024,3.337217656292595,1.0,23.427946859583898,0.023334608425880376,36
B1098059,2024,5.846390188378713,1.0,33.75032740081801,0.033615863945037856,42
B1098079,2024,5.032143526428882,0.9999999999999998,17.56788245608353,0.01749789089251348,23
B1098192,2024,3.337217656292595,1.0,23.427946859583898,0.023334608425880376,36
B1098196,2024,1.9061547465398496,1.0,1.7305673739751697,0.001723672683242201,2
B1098200,2024,4.501135424923627,1.0,9.753819729270955,0.009714959889712107,15
B1098201,2024,5.846390188378713,1.0,33.75032740081801,0.033615863945037856,42
B1098208,2024,4.524742703680449,0.9999999999999999,22.621355364457116,0.02253123044268637,28
B1098444,2024,4.524742703680449,0.9999999999999999,22.621355364457116,0.02253123044268637,28
B1098499,2024,3.337217656292595,1.0,23.427946859583898,0.023334608425880376,36
B1098551,2024,3.337217656292595,1.0,23.427946859583898,0.023334608425880376,36
B1098773,2024,6.710468963622217,1.0,154.85680379039104,0.15423984441274008,232
B1098785,2024,4.524742703680449,0.9999999999999999,22.621355364457116,0.02253123044268637,28
B1098787,2024,4.524742703680449,0.9999999999999999,22.621355364457116,0.02253123044268637,28
B1098921,2024,3.337217656292595,1.0,23.427946859583898,0.023334608425880376,36
B1098922,2024,3.337217656292595,1.0,23.427946859583898,0.023334608425880376,36
B1098923,2024,3.337217656292595,1.0,23.427946859583898,0.023334608425880376,36
B1098927,2024,3.2580965380214826,1.0,3.180383557985241,0.0031677127071566146,4
B1098929,2024,3.2580965380214826,1.0,3.180383557985241,0.0031677127071566146,4
B1098932,2024,3.4965075614664802,1.0,2.2801531186250403,0.0022710688432520322,4
B1098933,2024,3.4965075614664802,1.0,2.2801531186250403,0.0022710688432520322,4
B1098937,2024,3.1354942159291497,0.9999999999999998,2.2380414542714853,0.0022291249544536705,4
B1098938,2024,3.1354942159291497,0.9999999999999998,2.2380414542714853,0.0022291249544536705,4
B1098942,2024,2.484906649788001,1.0,2.281889123057497,0.0022727979313321685,3
B1098943,2024,2.484906649788001,1.0,2.281889123057497,0.0022727979313321685,3
B1098948,2024,2.772588722239781,1.0,2.435368437319429,0.002425665774222539,4
B1098950,2024,2.772588722239781,1.0,2.435368437319429,0.002425665774222539,4
B1098954,2024,3.2188758248682,1.0,2.7932028319939772,0.002782074533858543,5
B1098955,2024,3.2188758248682,1.0,2.7932028319939772,0.002782074533858543,5
B1099007,2024,3.337217656292595,1.0,23.427946859583898,0.023334608425880376,36
B1099014,2024,3.337217656292595,1.0,23.427946859583898,0.023334608425880376,36
B1099015,2024,3.337217656292595,1.0,23.427946859583898,0.023334608425880376,36
B1099160,2024,4.501135424923627,1.0,9.753819729270955,0.009714959889712107,15
B1099465,2024,6.710468963622217,1.0,154.85680379039104,0.15423984441274008,232
B1099507,2024,7.142470104448084,0.9999999999999998,150.40734812927107,0.14980811566660465,240
B1099538,2024,3.601104729170599,0.9999999999999998,4.6081618448369515,0.004589802634299752,6
B1099548,2024,4.847545900869905,1.0,17.481175833417403,0.017411529714559167,27
B1099906,2024,3.337217656292595,1.0,23.427946859583898,0.023334608425880376,36
B1099912,2024,3.337217656292595,1.0,23.427946859583898,0.023334608425880376,36
B1099914,2024,3.337217656292595,1.0,23.427946859583898,0.023334608425880376,36
B1100151,2024,1.3862943611198906,1.0,0.4288284608663829,0.0004271199809426124,1
B1100170,2024,7.142470104448084,0.9999999999999998,150.40734812927107,0.14980811566660465,240
B1100179,2024,6.238001393649558,1.0000000000000002,114.66856362411602,0.11421171675708766,217
B1100187,2024,4.847545900869905,1.0,17.481175833417403,0.017411529714559167,27
B1100393,2024,4.847545900869905,1.0,17.481175833417403,0.017411529714559167,27
B1100739,2024,4.524742703680449,0.9999999999999999,22.621355364457116,0.02253123044268637,28
B1101120,2024,2.7516666169315167,1.0,1.9429688453575824,0.00193522793362309,3
B1101267,2024,6.238001393649558,1.0000000000000002,114.66856362411602,0.11421171675708766,217
B1101282,2024,6.238001393649558,1.0000000000000002,114.66856362411602,0.11421171675708766,217
B1101293,2024,6.710468963622217,1.0,154.85680379039104,0.15423984441274008,232
B任务编号：1069725,2024,2.9444389791664403,0.9999999999999998,0.9999999999999993,0.0009960159362549794,1
B任务编号：1074729,2024,1.6094379124341005,1.0,0.0,0.0,0
B任务编号：1076016,2024,2.163955656882057,1.0,27.730143256301652,0.027619664597910012,112
B任务编号：1076350,2024,1.7917594692280547,0.9999999999999999,1.9856773987053478,0.0019777663333718602,2
B任务编号：1076862,2024,1.0986122886681096,1.0,0.22463440081241567,0.00022373944304025466,1
B任务编号：1077029,2024,2.163955656882057,1.0,27.730143256301652,0.027619664597910012,112
B任务编号：1077337,2024,2.3025850929940455,1.0,0.9999999999999997,0.0009960159362549798,1
B任务编号：1077943,2024,2.0794415416798357,1.0,0.40824829046386296,0.0004066218032508595,2
B任务编号：1082615,2024,2.890371757896165,1.0,2.0000000000000004,0.0019920318725099606,2
B任务编号：1083234,2024,1.0986122886681096,1.0,0.0,0.0,0
B任务编号：1085490,2024,1.945910149055313,0.9999999999999998,0.0,0.0,0
B任务编号：1086125,2024,2.3025850929940455,1.0,0.547722557505166,0.00054554039592148,2
B任务编号：1090681,2024,1.3862943611198906,1.0,0.0,0.0,0
B任务编号：1099590,2024,2.9444389791664403,0.9999999999999998,0.9999999999999993,0.0009960159362549794,1
B任务编号：1101348,2024,2.890371757896165,1.0,2.0000000000000004,0.0019920318725099606,2
C品牌工作室,2024,6.6809613156555825,4.0,103.96398462521535,0.10354978548328221,212
DH·导航设计工作室,2024,3.6056415838909963,1.0,3.4376349319729353,0.003423939175271848,7
HR传媒,2024,4.271989228698418,3.0,12.750786305075916,0.012699986359637367,20
JCB Studio,2024,4.582578168228391,2.0,15.421037817077977,0.015359599419400375,25
KIN RABBIT,2024,7.186474856693434,6.000000000000001,154.48488814044975,0.15386941049845593,255
Lazy Cat工作室,2024,4.597790570909371,0.9999999999999996,12.222884081938535,0.012174187332608102,15
Lucky 设计,2024,7.142470104448084,0.9999999999999998,150.40734812927107,0.14980811566660465,240
MAX空间设计,2024,6.6809613156555825,1.0,103.96398462521535,0.10354978548328221,212
MIO视觉艺术,2024,5.646757813317805,1.9999999999999991,23.35231082480987,0.02325927372989031,109
MOJA-墨匠品牌创设,2024,7.142470104448084,0.9999999999999998,150.40734812927107,0.14980811566660465,240
Miss N的创意工作室,2024,5.032143526428882,0.9999999999999998,17.567882456083534,0.017497890892513482,23
NOVA2081,2024,6.6809613156555825,1.0,103.96398462521535,0.10354978548328221,212
OC Logo设计,2024,7.142470104448084,0.9999999999999998,150.40734812927107,0.14980811566660465,240
ONE条设计,2024,4.243552414276582,0.9999999999999998,2.9999999999999956,0.002988047808764936,3
ONLY IDEA 设计工作室,2024,7.142470104448084,0.9999999999999998,150.40734812927107,0.14980811566660465,240
PEGASUS DESIGN,2024,6.6149852199625965,4.0,84.42990108360036,0.08409352697569757,191
PeterPoint工作室,2024,4.195850242567769,2.0,16.271726167056364,0.016206898572765305,20
QIN设计,2024,7.247381026231096,2.9999999999999996,137.87875682191049,0.1373294390656479,253
Queen.J,2024,5.596781771843914,1.0,37.82812415036125,0.03767741449239168,43
SHOW&TIME创意热店,2024,7.184987143977443,5.0,130.85393930414727,0.1303326088686726,240
SONG设计工作室,2024,7.142470104448084,0.9999999999999998,150.40734812927107,0.14980811566660465,240
U评设计,2024,5.747350079032744,10.999999999999998,27.449485804468054,0.027340125303255036,51
W.lab体验设计与开发工坊,2024,3.769830566210458,1.0000000000000002,7.3106547988894555,0.007281528684152844,9
Ylifetime,2024,3.7279051987213574,1.0000000000000002,7.817066801479372,0.007785923109043199,19
ZYMi設計研究所,2024,3.773215553740778,1.0,13.5418155680253,0.013487864111578983,19
charles_zhang,2024,3.3549875696248255,1.0,0.9969508430169423,0.0009929789273077114,2
colie视觉设计,2024,5.032143526428882,0.9999999999999998,17.567882456083534,0.017497890892513482,23
hencongmingde,2024,5.35062393779893,3.000000000000001,23.8235489061992,0.023728634368724303,45
hyl158,2024,7.142470104448084,0.9999999999999998,150.40734812927107,0.14980811566660465,240
k2056751938,2024,5.332896907336396,3.0,14.639809993836412,0.014581484057605988,29
lican20089,2024,7.142470104448084,0.9999999999999998,150.40734812927107,0.14980811566660465,240
mf13312991844,2024,6.6809613156555825,1.0,103.96398462521535,0.10354978548328221,212
mf18027265937,2024,6.6809613156555825,1.0,103.96398462521535,0.10354978548328221,212
o56c7cdfede13e,2024,7.142470104448088,2.9999999999999996,150.40734812927144,0.149808115666605,240
o58ca40e8cce8b,2024,4.243552414276582,0.9999999999999998,2.9999999999999956,0.002988047808764936,3
o59b93f2d50eda,2024,4.149339178982575,0.9999999999999999,4.1797765232393775,0.004163124027130854,7
o5b19554598b0f,2024,3.7961767664556767,1.0,8.52763298072275,0.008493658347333417,9
o5ba99d4cc7d8d,2024,3.044522437723422,1.0000000000000002,3.0000000000000027,0.002988047808764943,3
o5bbd7164ab947,2024,7.142470104448084,0.9999999999999998,150.40734812927107,0.14980811566660465,240
o5cd2deb247139,2024,6.6809613156555825,1.0,103.96398462521535,0.10354978548328221,212
o5cd792d862f10,2024,7.142470104448084,0.9999999999999998,150.40734812927107,0.14980811566660465,240
o5d3aa8335428b,2024,6.6809613156555825,1.0,103.96398462521535,0.10354978548328221,212
o5d91f8e99198b,2024,5.596781771843914,1.0,37.82812415036125,0.03767741449239168,43
o5d9f76c1e9ef2,2024,3.4544986414325445,0.9999999999999998,3.943852309790157,0.00392813975078701,5
o5de8f6d85b53a,2024,3.7961767664556767,1.0,8.52763298072275,0.008493658347333417,9
o5ed8a7489cdef,2024,4.784586210346905,1.0,9.401085447320352,0.009363630923625849,17
o5f35d440230a4,2024,7.142470104448084,0.9999999999999998,150.40734812927107,0.14980811566660465,240
o6057fef1b0373,2024,3.401197381662155,1.0,5.017317613926436,0.004997328300723542,6
o60935e893c966,2024,4.73121910726426,1.0,14.209996703540781,0.014153383170857353,17
o60a45088b8d38,2024,6.6809613156555825,1.0,103.96398462521535,0.10354978548328221,212
pandsya,2024,6.6809613156555825,1.0,103.96398462521535,0.10354978548328221,212
python爬虫java,2024,4.928068885946765,1.0,23.542004422206425,0.023448211575902815,47
ruilei,2024,5.596781771843914,1.0,37.828124150361255,0.03767741449239169,43
shanshan620,2024,2.9921969608854835,0.9999999999999998,3.8178135146590195,0.0038026031022500195,4
tomzhouwei,2024,7.378979203469025,16.000000000000004,160.58503919020524,0.15994525815757493,257
wow33的店铺,2024,3.3672958299864737,0.9999999999999998,1.723778118553048,0.0017169104766464622,2
wsjyhns2008的商铺,2024,7.001450147116515,2.0,116.39717250652527,0.1159334387515192,193
xqq017,2024,5.065100779735121,1.9999999999999993,0.99367644311457,0.0009897175728232769,1
yangxingjian,2024,5.468531131508575,0.9999999999999999,54.222129696755694,0.05400610527565308,162
​震撼工作室,2024,6.502167271420715,10.000000000000004,116.78144810172506,0.11631618336825206,220
一叶知秋CC设计,2024,7.142470104448088,2.9999999999999996,150.40734812927144,0.149808115666605,240
一品字蕴,2024,5.596781771843914,2.999999999999999,37.82812415036114,0.03767741449239158,43
一念阁 | 设计,2024,7.287438937851933,12.0,148.39681941956303,0.14780559703143728,243
一惠科技,2024,6.058171475110396,1.9999999999999998,63.767732071440896,0.06351367736199293,157
一月先生,2024,4.039413947788695,1.0,6.392748513022076,0.006367279395440314,8
一濒箫声,2024,4.179887126656064,4.0,3.4704107965115516,0.0034565844586768443,8
一点六工作室,2024,4.590644923618882,2.0,6.8989298587798,0.00687144408245,17
一点天青设计工作室,2024,4.784586210346905,1.0,9.401085447320352,0.009363630923625849,17
一点星河科技,2024,6.141881079519203,3.0,60.11731469723385,0.05987780348330065,130
一禾平面设计工作室,2024,4.136811988115548,1.0000000000000002,14.462133804176924,0.014404515741212076,21
一诺创意设计,2024,6.6809613156555825,4.0,103.96398462521535,0.10354978548328221,212
一高网络工作室,2024,6.710468963622217,2.0,154.85680379039104,0.15423984441274008,232
七分云创意,2024,6.6809613156555825,18.000000000000004,103.9639846252165,0.10354978548328336,212
三和创意,2024,4.73121910726426,1.0,14.209996703540781,0.014153383170857353,17
三日视觉设计工作室,2024,1.7917594692280547,0.9999999999999999,0.0,0.0,0
上海当然广告有限公司,2024,7.16977618066368,6.000000000000001,118.16338454253139,0.11769261408618664,239
上海德初网络科技有限公司,2024,6.710468963622217,1.0,154.85680379039104,0.15423984441274008,232
上海瀚学信息科技,2024,5.846390188378713,2.0,33.75032740081801,0.033615863945037856,42
上海电晶信息科技有限公司,2024,4.597790570909371,1.9999999999999991,12.222884081938535,0.012174187332608102,15
上海诺构软件技术有限公司,2024,6.238001393649558,1.0000000000000002,114.66856362411602,0.11421171675708766,217
上海都常亮品牌策划品牌设计,2024,5.020781483716199,0.9999999999999999,21.263175405270143,0.021178461559034006,38
上海闵鸟科技有限公司,2024,5.846390188378713,2.0,33.75032740081801,0.033615863945037856,42
上海骁澄技术有限公司,2024,7.065637721219904,12.0,155.58986082402583,0.15496998090042413,267
上海魅匠网络科技有限公司,2024,6.710468963622217,1.0,154.85680379039104,0.15423984441274008,232
与世无争视觉策划,2024,7.142470104448084,3.999999999999999,150.40734812927107,0.14980811566660465,240
专业文案撰写,2024,1.945910149055313,0.9999999999999998,2.9305484393678554,0.0029188729475775454,3
世豪网络,2024,6.710468963622217,1.0,154.85680379039104,0.15423984441274008,232
东方创意,2024,7.200387913476062,6.999999999999999,155.32551056261414,0.15470668382730493,255
东田品牌设计,2024,7.142470104448084,0.9999999999999998,150.40734812927107,0.14980811566660465,240
东阳市卓林影视传媒,2024,4.300524654028781,1.0,16.523577107275827,0.016457746122784687,20
中泰企服,2024,5.606848775522676,3.0000000000000004,41.93504946826903,0.04176797755803688,117
中芯维创数字科技（福建）有限公司,2024,4.712781158748018,3.0,23.148842097639346,0.023056615635098948,38
中软智慧-专精特新企业,2024,6.710468963622217,2.0,154.85680379039104,0.15423984441274008,232
丰云科技有限公司,2024,6.710468963622216,3.0000000000000004,154.85680379038848,0.15423984441273753,232
丽卿云商,2024,3.401197381662155,1.0,5.017317613926436,0.004997328300723542,6
久滴科技（北京）有限公司,2024,4.524691747155912,1.0000000000000004,14.665905438295027,0.014607475536150426,20
么牛科技,2024,4.847545900869905,1.0,17.481175833417403,0.017411529714559167,27
义乌盛歌网络科技,2024,6.078414253446542,4.0,32.65491812781581,0.032524818852406184,143
乐翔编码,2024,5.733865616662605,10.000000000000002,27.487603821204893,0.02737809145538336,50
九天创想,2024,6.710468963622217,1.0,154.85680379039104,0.15423984441274008,232
九臣原创设计,2024,5.596781771843914,1.0,37.828124150361255,0.03767741449239169,43
书籍推荐,2024,3.7961767664556767,1.0,8.52763298072275,0.008493658347333417,9
于男,2024,3.7519039147520235,2.0000000000000004,1.8382731942315165,0.0018309493966449366,9
于贤PPT,2024,4.502279403851196,3.999999999999999,39.47637509823195,0.03931909870341827,134
云代码科技,2024,6.710468963622217,1.0,154.85680379039104,0.15423984441274008,232
云南南强信息,2024,6.162376968078693,6.999999999999999,44.84228174805352,0.044663627239097135,160
云启创智网络科技有限公司,2024,6.829339154584289,3.0,128.52949513721353,0.12801742543547165,240
云风工作室,2024,4.039413947788695,1.0,6.392748513022076,0.006367279395440314,8
产出,2024,4.243552414276582,0.9999999999999998,2.9999999999999956,0.002988047808764936,3
亮点工作室,2024,6.805147638431357,3.0,135.70944797065732,0.13516877287914075,248
亿帆文创,2024,3.8163645821019916,2.0,8.786543746067402,0.008751537595684663,21
企大咖科技,2024,6.993572029762788,19.999999999999996,137.23907916002202,0.13669230992034065,363
企艺视界,2024,7.142470104448084,0.9999999999999998,150.40734812927107,0.14980811566660465,240
伍盟工作室,2024,4.928068885946765,1.0,23.542004422206425,0.023448211575902815,47
众创至优,2024,6.295138164683801,5.0,79.4697946185964,0.07915318189103226,208
众腾传媒,2024,6.600465722927079,16.999999999999996,62.744273432276515,0.06249429624728736,214
众视佳品牌视觉设计,2024,6.952468280607574,13.0,104.74990430385239,0.1043325740078211,237
众鼎网络,2024,5.406324544223767,7.999999999999998,13.266406042283183,0.01321355183494341,62
伟业工作室,2024,6.980050046681834,5.000000000000001,156.42339914169145,0.15580019834829825,256
伟迪动画【威客店】,2024,1.7917594692280547,0.9999999999999999,3.9999999999999996,0.00398406374501992,4
传亚科技,2024,4.928068885946765,2.0,23.542004422206425,0.023448211575902815,47
传动设计,2024,5.408822235469348,3.9999999999999996,21.751113577501673,0.02166445575448374,43
似幻11,2024,5.596781771843914,2.0,37.82812415036125,0.03767741449239168,43
佐案设计,2024,6.6809613156555825,1.0,103.96398462521535,0.10354978548328221,212
佛山市众星北宸科技有限公司,2024,6.7171757018785785,3.0,107.25990676791665,0.10683257646206837,186
佳动设计工作室,2024,7.115232308133435,10.0,99.96429755252828,0.09956603341885287,226
佳行设计,2024,5.468531131508575,0.9999999999999999,54.2221296967557,0.05400610527565309,162
侠道视觉,2024,7.142470104448087,7.000000000000001,150.40734812926996,0.14980811566660354,240
信诚达咨询服务,2024,5.596781771843914,1.0,37.828124150361255,0.03767741449239169,43
傲世有限公司,2024,4.566699902150981,3.000000000000001,5.785471322684012,0.005762421636139455,12
元来设计空间,2024,7.488866993017534,1.9999999999999998,166.98028952500354,0.16631502940737405,259
元神网络科技有限公司,2024,3.6750291592472095,4.000000000000002,3.709693224343508,0.003694913570063255,12
六上科技工作室,2024,6.710468963622217,1.0,154.85680379039104,0.15423984441274008,232
典石工业设计,2024,5.468531131508575,0.9999999999999999,54.2221296967557,0.05400610527565309,162
凌云文案,2024,4.365739074158688,1.9999999999999998,9.259110221517965,0.00922222133617327,33
几象科技,2024,6.710468963622217,1.0,154.85680379039104,0.15423984441274008,232
凡人设计工作室,2024,7.142470104448088,15.0,150.40734812926593,0.14980811566659952,240
凡跃广告,2024,3.044522437723422,1.0000000000000002,3.0000000000000027,0.002988047808764943,3
凡间工作室,2024,7.142470104448084,0.9999999999999998,150.40734812927107,0.14980811566660465,240
凤动传媒,2024,7.142470104448088,5.0,150.40734812926826,0.14980811566660185,240
创墨无界,2024,5.596781771843914,1.0,37.828124150361255,0.03767741449239169,43
创意创图,2024,7.142470104448084,0.9999999999999998,150.40734812927107,0.14980811566660465,240
创意联盟,2024,6.710468963622217,1.0,154.85680379039104,0.15423984441274008,232
创捷,2024,5.468531131508575,0.9999999999999999,54.2221296967557,0.05400610527565309,162
创益设计,2024,6.699501910866068,3.999999999999999,73.61211826622907,0.07331884289465047,208
创造共鸣,2024,6.720227521781731,1.9999999999999998,92.3339929253985,0.0919661284117515,166
初可设计工作室,2024,4.136811988115548,2.0000000000000004,14.462133804176924,0.014404515741212076,21
初晓创意互联,2024,6.065652001814689,18.999999999999996,31.434919733694944,0.031309681009656316,67
初简馨网络,2024,6.710468963622216,27.0,154.85680379039158,0.1542398444127406,232
利宏营销策划,2024,7.3678204195479635,48.0,136.41676775912444,0.13587327466048252,276
制图工作室,2024,4.597790570909371,0.9999999999999996,12.222884081938535,0.012174187332608102,15
北京国达伟业科技有限公司,2024,4.442249256566267,2.0,9.5878414267912,0.009549642855369722,16
北京大匠设计工作室,2024,6.130569097038946,2.9999999999999996,33.82393787902177,0.033689181154404155,118
北京晒点科技有限公司,2024,6.710468963622217,2.0,154.85680379039104,0.15423984441274008,232
北京江渝文化工作室,2024,4.928068885946765,1.0,23.542004422206425,0.023448211575902815,47
北京纯泽科技有限公司,2024,6.250312409146932,4.0,97.63179074280242,0.09724281946494265,242
北京维拓软件工作室,2024,4.2484952420493585,0.9999999999999998,17.84520289674323,0.017774106470859793,23
北京融智创盛技术服务有限公司,2024,6.710468963622217,2.0,154.85680379039104,0.15423984441274008,232
北京锐意天行科技有限公司,2024,6.710468963622217,13.000000000000004,154.85680379038925,0.1542398444127383,232
北京飞橙科技,2024,4.928068885946765,1.0,23.542004422206425,0.023448211575902815,47
北冥软件开发,2024,6.710468963622217,1.0,154.85680379039104,0.15423984441274008,232
北来设计,2024,6.7852718587132514,21.0,110.0601115355984,0.10962162503545657,225
北江科技,2024,6.710468963622217,1.0,154.85680379039104,0.15423984441274008,232
北马文化,2024,6.7353714701348615,10.0,76.4990279512904,0.0761942509475004,216
匠心光影新媒体（深圳）有限公司,2024,3.4965075614664802,1.0,5.4645290143653575,0.005442757982435615,6
匠蚁科技,2024,6.238001393649558,1.0000000000000002,114.66856362411602,0.11421171675708766,217
十分逆天,2024,3.899206401969746,3.0,2.184981669670681,0.002176276563417013,5
千唐品牌设计,2024,6.6809613156555825,2.0,103.96398462521535,0.10354978548328221,212
千机阁软件开发,2024,5.79323575614329,2.0,42.180015108687655,0.04201196723972874,102
千秋万名,2024,3.044522437723422,1.0000000000000002,3.0000000000000027,0.002988047808764943,3
华信网络,2024,6.710468963622217,2.0,154.85680379039104,0.15423984441274008,232
华创iTiFJ,2024,3.401197381662155,1.0,5.017317613926436,0.004997328300723542,6
华极科技,2024,3.919486098188518,3.0,0.8614774254606292,0.0008580452444826984,2
卓众视野设计,2024,6.555803711391077,8.0,117.06323988155788,0.11659685247167119,221
卓益工作室,2024,4.011816419727099,1.9999999999999998,8.480411231380142,0.00844662473245034,18
南京一画电子商务,2024,4.136811988115548,2.0000000000000004,14.462133804176924,0.014404515741212076,21
南京星逸文化传媒有限公司,2024,1.945910149055313,0.9999999999999998,4.275541647005711,0.004258507616539553,5
南京爱马智能科技有限公司,2024,3.83454322649981,1.0000000000000004,3.102830846447298,0.003090468970565038,6
南京玳墨动画,2024,3.510541982144572,3.9999999999999982,5.934542022284633,0.0059108984285703514,10
南沙群岛设计策划咨询工作室,2024,5.596781771843914,1.0,37.828124150361255,0.03767741449239169,43
博视科技,2024,6.238001393649558,1.0000000000000002,114.66856362411602,0.11421171675708766,217
原色设计工作室,2024,4.835917823947664,5.999999999999999,3.5970316451416977,0.003582700841774599,9
厦门艺码尚云信息科技有限公司,2024,6.878296293675359,9.000000000000002,130.04177625445126,0.1295236815283379,270
厦门阿古瑶,2024,6.912757307515193,1.9999999999999998,145.94343619002493,0.1453619882370766,251
叁点设计,2024,7.260527542961025,3.999999999999999,136.7540112666686,0.13620917456839504,240
叁陆玖工业设计,2024,5.468531131508575,0.9999999999999999,54.2221296967557,0.05400610527565309,162
合肥四维虹动画,2024,3.9299474586174785,1.9999999999999993,4.021311053718444,0.004005289894141876,7
名潮设计,2024,6.6809613156555825,1.0,103.96398462521535,0.10354978548328221,212
名豚网络-模式电商系统,2024,6.710468963622217,2.0,154.85680379039104,0.15423984441274008,232
君客行airen398,2024,5.596781771843914,1.0,37.828124150361255,0.03767741449239169,43
君行科技,2024,4.928068885946765,1.0,23.542004422206425,0.023448211575902815,47
君诺品牌设计,2024,6.595419151404659,5.0,105.7807843489407,0.10535934696109632,236
听风风,2024,2.9921969608854835,0.9999999999999998,3.8178135146590195,0.0038026031022500195,4
启商（广东）网络服务有限公司,2024,6.238001393649558,2.0000000000000004,114.668563624116,0.11421171675708765,217
启物格新设计,2024,5.468531131508575,0.9999999999999999,54.2221296967557,0.05400610527565309,162
品味空间,2024,5.596781771843914,2.0,37.828124150361255,0.03767741449239169,43
哆米设计,2024,5.974478123234157,9.0,51.72865627027882,0.0515225660062538,162
哪吒信息技术,2024,6.416123932386469,4.0,102.98769056515124,0.10257738104098729,181
唐图网络科技有限公司,2024,6.555242417559729,10.000000000000002,128.79653891246136,0.12828340529129617,225
啊喵插画,2024,6.6809613156555825,1.0,103.96398462521535,0.10354978548328221,212
善于网络,2024,4.928068885946765,1.0,23.542004422206425,0.023448211575902815,47
善意坊设计,2024,7.142470104448084,0.9999999999999998,150.40734812927107,0.14980811566660465,240
嘉文科技有限公司,2024,6.710468963622217,2.0,154.85680379039104,0.15423984441274008,232
四喜广告,2024,7.187201687558567,28.999999999999996,126.96685433225849,0.1264610102910941,262
四川凌智科技,2024,7.050680989264484,2.0,171.23993809789658,0.1705577072688213,237
四牧科技,2024,7.050680989264484,2.0,171.23993809789658,0.1705577072688213,237
四角龙软件,2024,7.080559663723431,6.000000000000001,174.09297902522292,0.173399381499226,242
國寳丨Solomon,2024,7.142470104448084,0.9999999999999998,150.40734812927107,0.14980811566660465,240
圣智壹喜工业设计,2024,5.468531131508575,1.9999999999999998,54.2221296967557,0.05400610527565309,162
圣荣设计（H&G DESIGN）,2024,5.468531131508575,0.9999999999999999,54.2221296967557,0.05400610527565309,162
坤艺科技,2024,5.502906364263522,6.999999999999999,19.933831438992815,0.019854413783857387,38
域品牌设计,2024,7.142470104448088,2.9999999999999996,150.40734812927144,0.149808115666605,240
塔米设计工作室,2024,4.575707599275592,3.9999999999999996,8.431318151845943,0.008397727242874445,24
塞坦科技,2024,5.883079714409037,3.0000000000000004,51.50863342189268,0.051303419742921,149
墨亦清歌,2024,3.7961767664556767,1.0,8.52763298072275,0.008493658347333417,9
墨雨视觉,2024,6.6809613156555825,2.0,103.96398462521535,0.10354978548328221,212
墨雪设计,2024,5.032143526428882,0.9999999999999998,17.567882456083534,0.017497890892513482,23
壹成品牌设计工作室,2024,7.142470104448084,0.9999999999999998,150.40734812927107,0.14980811566660465,240
壹派设计,2024,6.6809613156555825,1.0,103.96398462521535,0.10354978548328221,212
夏客优创品牌创意集团,2024,7.142470104448084,1.9999999999999996,150.40734812927107,0.14980811566660465,240
夜猫工作室,2024,2.997068727089017,1.0000000000000002,6.647521820621595,0.0066210376699418275,7
大桥设计,2024,4.149339178982575,0.9999999999999999,4.1797765232393775,0.004163124027130854,7
大舵科技,2024,6.371362860254415,5.000000000000001,99.61733410128502,0.09922045229211655,235
大连微图知行科技有限公司,2024,5.851663757858693,4.999999999999999,45.716600550618416,0.04553446269981914,133
大连星芒计算机软件有限公司,2024,6.555020162485434,7.999999999999999,100.03487869939558,0.09963633336593185,237
天宇世界科技,2024,6.238001393649558,1.0000000000000002,114.668563624116,0.11421171675708765,217
天栎文化传媒,2024,7.142470104448084,0.9999999999999998,150.40734812927107,0.14980811566660465,240
天津博漫插画设计有限公司,2024,6.659726476560374,3.9999999999999996,58.1841987003109,0.05795238914373596,202
天津领跃传媒&琦锐广告设计,2024,4.391262558763174,2.9999999999999996,6.362493245694384,0.006337144667026278,18
奇墨设计,2024,6.844132149773142,3.9999999999999996,81.7121466248398,0.08138660022394403,209
奇思妙想品牌设计,2024,4.2071750745128105,2.0,28.540126978638977,0.028426421293465117,122
奇点视觉传达工作室,2024,5.24044179866498,2.0000000000000004,18.540412874577413,0.01846654668782611,28
奔走开发,2024,6.902099028226825,5.0,141.1697558398367,0.1406073265337019,232
威和pIRtt,2024,4.143082457597213,4.0,4.571085483938246,0.004552873987986301,10
威品金创ym05s,2024,3.7961767664556767,1.0,8.52763298072275,0.008493658347333417,9
威啸uq5cI,2024,1.3862943611198906,1.0,1.0,0.00099601593625498,1
威多宝UisO9,2024,5.596781771843914,2.0,37.828124150361255,0.03767741449239169,43
威威起家s9uKH,2024,5.596781771843914,1.0,37.828124150361255,0.03767741449239169,43
威惠创SLc12,2024,5.596781771843914,1.0,37.828124150361255,0.03767741449239169,43
威风志Xtnyo,2024,5.596781771843914,1.0,37.828124150361255,0.03767741449239169,43
子书,2024,5.596781771843914,1.0,37.828124150361255,0.03767741449239169,43
子语设计,2024,6.238001393649558,1.0000000000000002,114.668563624116,0.11421171675708765,217
宁波亲聆网络科技有限公司,2024,6.141538428878288,3.9999999999999996,64.83194134742891,0.06457364676038736,190
宁波道诚智能科技有限公司,2024,6.238001393649558,2.0000000000000004,114.668563624116,0.11421171675708765,217
宇易品牌策划,2024,7.142470104448088,5.0,150.40734812926826,0.14980811566660185,240
宇航前行,2024,7.142470104448084,0.9999999999999998,150.40734812927107,0.14980811566660465,240
安宁寂霁,2024,4.8881586837679745,3.9999999999999996,17.55980026357198,0.01748984089997209,26
安安子视觉创意工作室,2024,4.300524654028781,1.0,16.523577107275827,0.016457746122784687,20
安徽攻城狮信息科技有限公司,2024,7.15544560980694,12.999999999999998,141.69134314229268,0.1411268357990963,289
安意设计,2024,7.142470104448084,0.9999999999999998,150.40734812927107,0.14980811566660465,240
安生工作室,2024,4.158473405884396,4.0,14.408917450654204,0.014351511405034068,23
寰宇软件工作室,2024,2.997068727089017,1.0000000000000002,6.647521820621595,0.0066210376699418275,7
寸金网络,2024,4.315929165129134,2.0,13.597498552019484,0.013543325251015422,25
寻道  设计,2024,4.7236069207706475,4.0,1.286383676863169,0.001281258642293993,2
寻隐者建筑园林设计,2024,3.321894866573836,2.0000000000000004,0.0,0.0,0
小LIU店铺,2024,4.784586210346905,1.0,9.401085447320352,0.009363630923625849,17
小二威威yDouN,2024,7.142470104448084,0.9999999999999998,150.40734812927107,0.14980811566660465,240
小余的小店,2024,7.142470104448084,0.9999999999999998,150.40734812927107,0.14980811566660465,240
小元子设计工作室,2024,6.523459050348865,8.0,69.88763337759022,0.06960919659122532,146
小林剪辑室,2024,4.300524654028781,1.0,16.523577107275827,0.016457746122784687,20
小梁团队,2024,6.6809613156555825,1.0,103.96398462521535,0.10354978548328221,212
小火花软件,2024,4.524742703680449,0.9999999999999999,22.62135536445712,0.022531230442686373,28
小角牛向前,2024,7.142470104448084,0.9999999999999998,150.40734812927107,0.14980811566660465,240
尘宇文化,2024,5.792864210815884,2.0,35.22583762808267,0.03508549564550067,50
尝果科技-20年技术为你服务,2024,3.769830566210458,1.0000000000000002,7.3106547988894555,0.007281528684152844,9
山东川蓝信息科技有限公司,2024,4.056414250926708,1.9999999999999996,0.5519946710702105,0.0005497954891137555,2
山东悦赢优信信息科技有限公司,2024,6.238001393649558,1.0000000000000002,114.668563624116,0.11421171675708765,217
山东明码网络科技有限公司,2024,6.710468963622217,1.0,154.85680379039104,0.15423984441274008,232
山涧之华品牌设计,2024,6.6809613156555825,2.0,103.96398462521535,0.10354978548328221,212
山西友信智能科技有限公司,2024,5.846390188378713,1.0,33.750327400818016,0.03361586394503786,42
山西惠诚智能科技有限公司,2024,6.661129146308834,4.000000000000001,101.7555056612265,0.10135010524026543,240
山西星智界科技有限公司,2024,5.120841501821933,2.0000000000000004,18.18351506546663,0.01811107078233728,66
川耑文化,2024,5.792864210815884,2.0,35.22583762808267,0.03508549564550067,50
工作室｜天航软件开发,2024,5.247329298770238,2.0,20.59227812310789,0.020510237174410247,96
工匠网络,2024,6.381517062673542,3.0000000000000004,102.06918839460059,0.10166253824163406,217
左岸设计工作室,2024,7.142470104448084,0.9999999999999998,150.40734812927107,0.14980811566660465,240
巨臣设计工作室,2024,6.6809613156555825,1.0,103.96398462521535,0.10354978548328221,212
布鲁恩设计,2024,7.142470104448084,7.999999999999998,150.40734812927107,0.14980811566660465,240
常州任溢网络科技有限公司,2024,6.830365664204381,4.999999999999998,153.35910030231616,0.15274810787083284,248
幻灯奇艺坊,2024,3.337217656292595,3.000000000000001,23.427946859583898,0.023334608425880376,36
广东同欣智能科技有限公司,2024,6.238001393649558,1.0000000000000002,114.668563624116,0.11421171675708765,217
广东海狐科技,2024,6.710468963622217,1.0,154.85680379039104,0.15423984441274008,232
广东筑智科技有限公司,2024,6.7542304356776395,8.0,156.17387506122128,0.1555516683876706,245
广东起搏网络科技有限公司,2024,6.956953010871973,30.000000000000004,140.71744003335104,0.14015681278222214,263
广州召隆信息技术有限公司,2024,7.050680989264484,2.0,171.23993809789658,0.1705577072688213,237
广州生职软件有限责任公司,2024,3.337217656292595,1.0,23.427946859583898,0.023334608425880376,36
广州硕米信息技术有限公司,2024,4.048846101729271,3.000000000000001,5.0813722497084886,0.0050611277387534745,9
广州诚晨网络-专注网站/应用/小程序开发十余年,2024,5.918205194045906,1.9999999999999998,54.75717464367426,0.05453901856939668,148
广州风浪科技有限公司,2024,6.710468963622217,2.0,154.85680379039104,0.15423984441274008,232
广杨工作室,2024,6.174649418607548,2.9999999999999996,50.08228217720523,0.04988275117251517,114
广速达软件技术工作室,2024,3.8206519770053795,1.0000000000000002,4.446622799527084,0.004428907170843709,6
弘塔专业设计服务工作室,2024,5.468531131508575,1.9999999999999998,54.2221296967557,0.05400610527565309,162
微悦文创 | 悦设计,2024,6.696905833489181,41.99999999999999,55.5082293186792,0.055287080994700394,127
怡然自D,2024,5.032143526428882,1.9999999999999996,17.567882456083534,0.017497890892513482,23
恒犇设计,2024,7.142470104448084,7.999999999999998,150.40734812927107,0.14980811566660465,240
恩悦智能,2024,6.238001393649558,3.0000000000000004,114.66856362411386,0.11421171675708551,217
悟喜丨品牌连锁定制,2024,6.401693005831211,8.0,52.999383716657846,0.05278823079348391,195
悦深科技2018,2024,6.842713678089385,5.0,137.16837588788837,0.13662188833455016,285
惊雷工作室,2024,6.710468963622217,1.0,154.85680379039104,0.15423984441274008,232
惟优社RPTVs,2024,5.792864210815884,2.0,35.22583762808267,0.03508549564550067,50
惠州原始部落科技有限公司,2024,7.11140960311241,5.0,155.3543166683445,0.1547353751676738,260
意觉设计,2024,7.142470104448084,0.9999999999999998,150.40734812927107,0.14980811566660465,240
慧域工作室,2024,4.867069783546298,12.000000000000002,17.157817507555443,0.01708945966887992,34
慧安达科技,2024,6.710468963622217,1.0,154.85680379039104,0.15423984441274008,232
懒人三色网络科技,2024,6.710468963622216,3.0000000000000004,154.85680379038848,0.15423984441273753,232
成都云始动立软件有限公司,2024,6.980050046681834,5.000000000000001,156.42339914169145,0.15580019834829825,256
成都张驰网络科技有限公司,2024,6.710468963622217,1.0,154.85680379039104,0.15423984441274008,232
成都方烨科技有限公司,2024,6.238001393649558,1.0000000000000002,114.668563624116,0.11421171675708765,217
成都晋禾品牌设计有限公司,2024,6.6809613156555825,1.0,103.96398462521535,0.10354978548328221,212
成都福格迪斯科技有限公司,2024,6.710468963622217,1.0,154.85680379039104,0.15423984441274008,232
成都闪创科技有限公司,2024,4.928068885946765,1.0,23.542004422206425,0.023448211575902815,47
成都霹雳雷霆科技有限公司,2024,6.136087503230054,1.9999999999999998,85.13471379545646,0.08479553166878134,168
托马斯的店铺,2024,7.142470104448084,0.9999999999999998,150.40734812927107,0.14980811566660465,240
抓重点设计,2024,5.032143526428882,0.9999999999999998,17.567882456083534,0.017497890892513482,23
拉风的泡面,2024,5.596781771843914,1.0,37.828124150361255,0.03767741449239169,43
拟现科技,2024,7.050680989264484,2.0,171.23993809789658,0.1705577072688213,237
拾光工作室,2024,4.300524654028781,1.0,16.523577107275827,0.016457746122784687,20
持硕科技,2024,4.199121023394934,2.0,9.030912962457327,0.00899493322953917,12
指上花开©品牌设计,2024,7.328094130677369,8.0,138.8820754505203,0.13832876040888475,241
摩诃信息,2024,4.465936969512816,2.0,9.856094241103582,0.009816826933370102,21
故事老酒,2024,4.085905292894005,2.999999999999999,5.158853836716375,0.005138300634179656,11
数字工匠坊,2024,6.710468963622217,1.0,154.85680379039104,0.15423984441274008,232
文佳工作室,2024,5.596781771843914,1.0,37.828124150361255,0.03767741449239169,43
文心艺境,2024,5.689445131958312,6.0,16.23692087744997,0.016172231949651363,20
文案服务,2024,5.883075109453214,3.0,40.12965656967954,0.03996977745984018,51
文辰文化设计工作室,2024,6.6809613156555825,1.0,103.96398462521535,0.10354978548328221,212
新世纪AI开发部,2024,6.710468963622217,1.0,154.85680379039104,0.15423984441274008,232
新创视觉,2024,7.142470104448084,0.9999999999999998,150.40734812927107,0.14980811566660465,240
旗铭玉保定市软件开发,2024,6.238001393649558,1.0000000000000002,114.668563624116,0.11421171675708765,217
无锡市拾玖工业设计,2024,5.468531131508575,0.9999999999999999,54.2221296967557,0.05400610527565309,162
时空巡使,2024,5.883075109453214,3.0,40.12965656967954,0.03996977745984018,51
昊航设计,2024,5.4966861333455705,2.0,84.76897920730772,0.08443125419054553,212
明弈设计工作室,2024,7.012864574495946,17.0,100.03618242251817,0.09963763189493842,255
明月软件匠心坊,2024,6.710468963622217,1.0,154.85680379039104,0.15423984441274008,232
易工作室,2024,7.142470104448084,0.9999999999999998,150.40734812927107,0.14980811566660465,240
易淼软件,2024,3.6479266778875172,1.0,3.4921917891928995,0.00347827867449492,4
易联宝0x8Ym,2024,7.142470104448084,0.9999999999999998,150.40734812927107,0.14980811566660465,240
易酷科技,2024,5.483605966563973,4.000000000000001,50.774454544002175,0.05057216588048025,168
星岬设计工作室,2024,5.271852473371201,2.0,13.961686659157543,0.013906062409519465,32
星桦网络科技,2024,6.710468963622217,1.0,154.85680379039104,0.15423984441274008,232
星穹设计,2024,3.9821278332121093,1.0,9.35243366577837,0.009315172973882839,13
映皓设计,2024,7.142470104448084,0.9999999999999998,150.40734812927107,0.14980811566660465,240
晏楚设计,2024,6.6809613156555825,1.0,103.96398462521535,0.10354978548328221,212
晓云文匠,2024,5.878723379072527,5.000000000000001,34.11320129556752,0.033977292127059286,65
晓众文化,2024,5.4905097073299665,1.9999999999999998,16.45280949606159,0.01638726045424461,36
晚柿网络科技,2024,6.302115809077772,2.0000000000000004,83.60912445628392,0.08327602037478478,169
晨焕科技,2024,6.710468963622217,1.0,154.85680379039104,0.15423984441274008,232
智品设计,2024,7.142470104448088,2.9999999999999996,150.40734812927144,0.149808115666605,240
智好未来,2024,5.846390188378713,1.0,33.750327400818016,0.03361586394503786,42
智慧城市 可视化 ERP OA管理系统开发,2024,2.6390573296152597,1.9999999999999996,4.378409526622615,0.004360965663966748,5
智旺网络技术,2024,6.6809613156555825,1.0,103.96398462521535,0.10354978548328221,212
智杰空间,2024,4.11060096665146,1.9999999999999996,8.31029016780838,0.00827718144204022,18
曦月设计工作室,2024,7.488866993017534,1.9999999999999998,166.98028952500354,0.16631502940737405,259
有点久文化,2024,4.300524654028781,1.0,16.523577107275827,0.016457746122784687,20
有米品牌设计,2024,5.666086608115782,1.9999999999999996,25.630368672065288,0.025528255649467417,112
有路科技,2024,4.148099888227297,2.0000000000000004,12.184512320510297,0.012135968446723404,19
望川设计,2024,6.702326795609309,2.0,111.8934121908961,0.11144762170407978,245
木友情品牌设计,2024,7.142470104448084,0.9999999999999998,150.40734812927107,0.14980811566660465,240
木雪涯设计工作室,2024,3.91122236474466,2.0,2.983347722084993,0.0029714618745866465,6
未来优创,2024,7.415173849952943,38.0,148.71152726245478,0.1481190510582219,274
本意策划,2024,6.6809613156555825,5.000000000000001,103.96398462521276,0.10354978548327964,212
本能咨询工作室,2024,3.401197381662155,1.0,5.017317613926436,0.004997328300723542,6
朱胤龙设计空间站,2024,6.4465536808211,3.0,88.34261216267916,0.08799064956442147,153
机械加工设计,2024,4.597790570909371,0.9999999999999996,12.222884081938535,0.012174187332608102,15
杭州华舰信息技术有限公司,2024,6.238001393649558,2.0000000000000004,114.668563624116,0.11421171675708765,217
杭州奕合品牌设计有限公司,2024,6.748230479686441,5.0,103.00923557605732,0.10259884021519654,221
杭州巨悦科技有限公司,2024,6.710468963622217,1.0,154.85680379039104,0.15423984441274008,232
杭州薪和工业设计有限公司,2024,5.468531131508575,2.9999999999999996,54.2221296967556,0.05400610527565299,162
杭州霓影华视影视文化有限公司,2024,2.582306344313967,1.0000000000000002,1.8758249824458704,0.001868351576141305,2
杭州面对面,2024,6.6809613156555825,1.0,103.96398462521535,0.10354978548328221,212
杭州鲸沄科技有限公司,2024,6.238001393649558,1.0000000000000002,114.668563624116,0.11421171675708765,217
松苗科技,2024,6.238001393649558,2.0000000000000004,114.668563624116,0.11421171675708765,217
极感传媒,2024,1.945910149055313,0.9999999999999998,4.275541647005711,0.004258507616539553,5
极星网络,2024,7.2941040532593675,19.0,164.37354222504672,0.16371866755482742,274
果星文化创意,2024,4.195850242567769,2.0,16.271726167056364,0.016206898572765305,20
果田科技 100%好评服务商,2024,6.199075894708276,12.999999999999996,50.92402110260257,0.05072113655637706,165
柏枳视觉工作室,2024,3.601104729170599,0.9999999999999998,4.6081618448369515,0.004589802634299752,6
柏霖图文,2024,5.695951391527347,6.0,11.44712639424709,0.01140152031299511,43
柳州奕影传媒科技有限公司,2024,4.300524654028781,1.0,16.523577107275827,0.016457746122784687,20
梦威工作室,2024,4.243552414276582,0.9999999999999998,2.9999999999999956,0.002988047808764936,3
梦想文案策划,2024,5.596781771843914,1.0,37.828124150361255,0.03767741449239169,43
梦想缔造者1号,2024,3.4544986414325445,0.9999999999999998,3.943852309790157,0.00392813975078701,5
梦溪506,2024,3.7961767664556767,1.0,8.52763298072275,0.008493658347333417,9
梦起航工作室,2024,3.9275228597158813,3.0,1.4611347479503396,0.0014553134939744418,2
梧桐设计工作室,2024,6.017350702439156,5.999999999999999,38.926088570795216,0.03877100455258488,90
梵柯设计工作室,2024,6.898995828049465,16.0,110.39124473468476,0.10995143897876969,213
森码网络科技发展（天津）有限公司（虚拟仿真）,2024,4.847545900869905,1.0,17.481175833417403,0.017411529714559167,27
楷峰文化,2024,7.0306179949806555,12.999999999999998,125.23773594372312,0.12473878082044136,252
橙焱创意,2024,3.605580740490103,3.000000000000001,0.7492686492653557,0.0007462835152045376,1
欢喜创意,2024,7.371736797578505,15.0,142.65653509305514,0.14208818236360074,264
正都科技,2024,7.002688770502116,6.0,165.8666480323825,0.1652058247334487,234
武林设计,2024,4.973332595834782,1.9999999999999998,14.447460408726183,0.014389900805504166,38
武汉善宇网络工作室,2024,7.003619169847313,3.0000000000000004,160.23025092580485,0.1595918833922359,257
武汉极上快码科技有限公司,2024,7.050680989264484,4.0,171.23993809789658,0.1705577072688213,237
武汉火流星网络科技工作室,2024,6.710468963622217,1.0,154.85680379039104,0.15423984441274008,232
武汉轻洽网络技术有限公司,2024,5.846390188378713,1.0,33.750327400818016,0.03361586394503786,42
武汉雄软科技,2024,6.345085544817684,4.0,73.50462268020505,0.07321177557789348,225
毕米科技工作室,2024,7.086248880967194,7.000000000000002,168.99382020972544,0.16832053805749547,257
毛立 视觉,2024,7.142470104448084,0.9999999999999998,150.40734812927107,0.14980811566660465,240
永兴软件工作室,2024,6.912757307515193,1.9999999999999998,145.94343619002493,0.1453619882370766,251
汇世纪网络科技,2024,6.5442604897906556,7.0,99.607628563025,0.09921078542133964,251
汇付信息科技（深圳）有限公司,2024,7.080559663723431,6.000000000000001,174.09297902522292,0.173399381499226,242
江苏执笔科技有限公司,2024,5.677408346806281,2.0,35.37619033788013,0.03523524934051806,94
江西网格信息科技有限公司,2024,4.524691747155912,1.0000000000000004,14.66590543829503,0.014607475536150428,20
沈阳中瑞恒信,2024,6.077994108021663,17.0,24.02452209376729,0.02392880686630208,74
沈阳兄弟未来科技有限公司,2024,6.710468963622217,4.0,154.85680379039104,0.15423984441274008,232
沐风设计,2024,7.142470104448088,21.0,150.40734812926576,0.14980811566659935,240
河北钢谷,2024,6.136087503230054,1.9999999999999998,85.13471379545648,0.08479553166878136,168
河北领雁信息科技有限公司,2024,6.710468963622217,1.0,154.85680379039104,0.15423984441274008,232
河南武林网络科技有限公司,2024,5.601556041391018,7.000000000000002,5.471332745244819,0.005449534606817549,17
河南汇起云科技有限公司,2024,6.710468963622217,1.0,154.85680379039104,0.15423984441274008,232
河南织梦网络科技有限公司,2024,6.710468963622217,1.0,154.85680379039104,0.15423984441274008,232
泰灵工作室,2024,4.7837716088634625,2.0000000000000004,13.730239162204825,0.013675537014148233,24
泽若品牌设计工作室,2024,6.080308889659509,3.0,35.48161555828696,0.03534025454012645,136
洛阳蓝普网络技术有限公司,2024,6.849808314370594,16.0,130.46535931299945,0.12994557700497952,272
浅茉之设工作室,2024,3.997560461886213,2.9999999999999987,2.564630047917853,0.0025544123983245546,6
济南九零启航网络科技有限公司,2024,6.070067574263064,4.0,65.22409331578352,0.06496423637030231,176
济南亚跃信息技术有限公司,2024,6.710468963622217,1.0,154.85680379039104,0.15423984441274008,232
济南猿小明,2024,6.775634863808609,9.0,150.61209791567381,0.1500120497168066,258
济南网络人信息技术有限公司,2024,6.710468963622217,2.0,154.85680379039104,0.15423984441274008,232
浙江焕链科技有限公司,2024,6.398732502088549,7.000000000000001,39.98362023006215,0.03982432293830891,110
海创博达,2024,6.789805887604838,7.0,128.3073388332022,0.12779615421633686,225
海旭设计,2024,7.142470104448088,10.0,150.40734812926826,0.14980811566660185,240
海螺三维视觉设计,2024,4.597790570909373,3.0,12.222884081938535,0.012174187332608102,15
海雅品牌设计,2024,7.16977618066368,6.000000000000001,118.16338454253139,0.11769261408618664,239
润世设计,2024,5.09494978647867,4.999999999999999,11.054259766227291,0.011010218890664633,26
润和设计室,2024,3.0910424533583156,0.9999999999999998,2.1071863629206073,0.002098791198128095,3
淄博嘉朵网络科技有限公司,2024,5.665035102769601,4.000000000000001,40.33243532026982,0.04017174832696198,152
深圳吉米工业设计公司,2024,5.468531131508575,0.9999999999999999,54.2221296967557,0.05400610527565309,162
深圳市决对值工业设计有限公司,2024,5.468531131508575,0.9999999999999999,54.2221296967557,0.05400610527565309,162
深圳市呦吼创新设计有限公司,2024,5.468531131508575,1.9999999999999998,54.2221296967557,0.05400610527565309,162
深圳市导影文化传媒有限公司,2024,3.4965075614664802,1.0,5.4645290143653575,0.005442757982435615,6
深圳市弘达信息技术有限公司,2024,7.050680989264484,2.0,171.23993809789658,0.1705577072688213,237
深圳市成帆科技信息技术有限公司,2024,6.710468963622217,2.0,154.85680379039104,0.15423984441274008,232
深圳扬声品牌创意设计,2024,6.6809613156555825,2.0,103.96398462521535,0.10354978548328221,212
深圳捷为设计有限公司,2024,5.711977405147999,1.9999999999999996,25.204802075854616,0.025104384537703802,45
深圳萬森品牌,2024,6.99233760403397,9.0,110.81374130071774,0.11037225229155154,239
深圳赛讯信息,2024,7.0247158890506185,17.0,127.16276636696317,0.12665614179976412,270
深圳非凡设计工作室,2024,7.142470104448087,14.000000000000002,150.40734812926996,0.14980811566660354,240
清风自来55,2024,6.6809613156555825,1.0,103.96398462521535,0.10354978548328221,212
温州市鹿菲特三维设计工作室,2024,5.648988261172168,8.0,31.27164121807917,0.031147053006054953,86
温州角鲸软件有限公司,2024,5.846390188378713,1.0,33.750327400818016,0.03361586394503786,42
温暖闲生工作室,2024,3.4544986414325445,0.9999999999999998,3.943852309790157,0.00392813975078701,5
渲染精彩,2024,7.142470104448088,5.0,150.40734812926826,0.14980811566660185,240
游狸猫动画-三维技术服务,2024,4.378336827134522,1.9999999999999991,10.38397801827841,0.010342607587926704,19
游鲸印记文化传媒有限公司,2024,6.825031004801072,6.000000000000001,75.26129125271454,0.07496144547083122,264
湖北天码科技有限责任公司,2024,6.9255878288474895,3.0000000000000004,160.2409118053131,0.1596025017981206,243
湖南众智互联,2024,6.912757307515193,1.9999999999999998,145.94343619002493,0.1453619882370766,251
湖南百用网络科技有限公司,2024,6.710468963622217,2.0,154.85680379039104,0.15423984441274008,232
湖南贝思特软件有限公司,2024,5.9792732063452165,3.0,39.38440585935195,0.039227495875848555,106
漫酷社 品牌设计,2024,7.142470104448084,0.9999999999999998,150.40734812927107,0.14980811566660465,240
澜图工作室,2024,3.9107198549571427,2.9999999999999996,10.547550941226739,0.010505528825923047,20
瀚海蓝鲸工作室,2024,7.080559663723431,3.0000000000000004,174.09297902522292,0.173399381499226,242
灯火月桥,2024,5.596781771843914,2.0,37.828124150361255,0.03767741449239169,43
灵动创视品牌设计,2024,7.142470104448084,0.9999999999999998,150.40734812927107,0.14980811566660465,240
灵尘科技武汉有限公司,2024,5.032620118909976,4.000000000000001,58.375214274475496,0.05814264369967679,208
灵悦创想,2024,6.923129621283702,11.0,114.01478470986822,0.11356054253970939,230
灵珊品牌设计,2024,7.362326744924074,2.9999999999999996,150.16628529714643,0.14956801324416974,258
点点术士,2024,7.4911520448435045,13.0,165.0083411186795,0.1643509373692027,266
燊源影视,2024,4.300524654028781,1.0,16.523577107275827,0.016457746122784687,20
爱威VWsfz,2024,4.73121910726426,1.0,14.209996703540781,0.014153383170857353,17
爱尚剪辑工作室,2024,2.582306344313967,1.0000000000000002,1.8758249824458704,0.001868351576141305,2
爱菲尔设计工作室,2024,4.73121910726426,2.0,14.209996703540781,0.014153383170857353,17
爱鑫设计,2024,4.289415106026457,3.9999999999999996,7.601838581448396,0.007571552371960554,14
牛马帮科技,2024,6.238001393649558,1.0000000000000002,114.66856362411602,0.11421171675708766,217
牧行者工作室,2024,7.111395312318459,3.9999999999999996,148.18215518512963,0.14759178803299763,253
特敏科技,2024,3.6479266778875172,2.0,3.4921917891928995,0.00347827867449492,4
玉824沙,2024,5.596781771843914,1.0,37.828124150361255,0.03767741449239169,43
玖侯视觉,2024,6.6809613156555825,2.0,103.96398462521535,0.10354978548328221,212
璟滔文化,2024,6.9683269098950404,3.0000000000000004,152.98853494290825,0.1523790188674385,267
电子电气软硬件开发,2024,1.3862943611198906,1.0,0.0,0.0,0
画语塘品牌设计,2024,7.142470104448084,1.9999999999999996,150.40734812927107,0.14980811566660465,240
百搭设计,2024,7.142470104448084,0.9999999999999998,150.40734812927107,0.14980811566660465,240
皓尘工作室,2024,5.765609535131454,2.9999999999999996,22.751404901080456,0.022660761853665792,46
皓月烟云,2024,4.841172325976899,6.0,6.972672386627146,0.006944892815365683,16
盛利华网络科技,2024,4.2484952420493585,0.9999999999999998,17.84520289674323,0.017774106470859793,23
相同设计,2024,6.8356891651620915,3.9999999999999996,92.29119006053182,0.09192349607622691,172
睿览科技,2024,7.060687688400124,8.000000000000002,131.51857243306472,0.13099459405683736,280
知知工作室,2024,5.596781771843914,1.0,37.828124150361255,0.03767741449239169,43
石榴花开品牌创意中心,2024,5.032143526428882,0.9999999999999998,17.567882456083534,0.017497890892513482,23
码上创客,2024,6.710468963622217,1.0,154.85680379039104,0.15423984441274008,232
码匠工坊,2024,6.710468963622217,1.0,154.85680379039104,0.15423984441274008,232
硕博明睿科技有限公司,2024,5.788658622232153,4.0,11.392952704606325,0.011347562454787175,28
禾晟创意,2024,6.6497802484727,4.0,35.877083081157664,0.035734146495176956,136
科宇软件,2024,3.6479266778875172,1.0,3.4921917891928995,0.00347827867449492,4
秒回客NjXdO,2024,4.73121910726426,1.0,14.209996703540781,0.014153383170857353,17
秦皇岛一点动漫,2024,3.601104729170599,0.9999999999999998,4.6081618448369515,0.004589802634299752,6
稳诚网络,2024,6.710468963622217,1.0,154.85680379039104,0.15423984441274008,232
立意Dl4bG,2024,4.73121910726426,1.0,14.209996703540781,0.014153383170857353,17
第9号设计工作室,2024,7.142470104448088,5.999999999999999,150.40734812927144,0.149808115666605,240
简。心商铺,2024,7.142470104448084,0.9999999999999998,150.40734812927107,0.14980811566660465,240
简序软件开发,2024,6.710468963622217,1.0,154.85680379039104,0.15423984441274008,232
米米文案,2024,5.792864210815884,2.0,35.22583762808267,0.03508549564550067,50
精品logo设计,2024,3.2580965380214826,1.0,3.180383557985241,0.0031677127071566146,4
糖九粥z,2024,3.337217656292595,1.0,23.427946859583898,0.023334608425880376,36
素凡创新设计,2024,7.2626343787526055,50.99999999999999,120.83554131747762,0.1203541248182048,270
素生设计机构,2024,5.020781483716199,0.9999999999999999,21.263175405270147,0.02117846155903401,38
素造创意,2024,6.952163782890638,126.0,114.78070675920766,0.11432341310678054,226
索源科技,2024,6.141140438291917,6.000000000000003,53.8746442828191,0.053660004265756074,191
繁明技术开发工作室,2024,6.710468963622217,2.0,154.85680379039104,0.15423984441274008,232
红软科技,2024,5.072963424730506,2.0000000000000004,13.259310251323559,0.013206484314067289,27
纤尘繁星,2024,5.596781771843914,1.0,37.828124150361255,0.03767741449239169,43
纪元狂想,2024,6.710468963622217,1.0,154.85680379039104,0.15423984441274008,232
绘梦笔文化创意,2024,5.752954065771396,4.999999999999999,18.09594817602727,0.018023852764967402,75
绯影设计工作室,2024,7.142470104448084,0.9999999999999998,150.40734812927107,0.14980811566660465,240
维创时代网络科技公司,2024,6.710468963622216,3.0000000000000004,154.85680379038848,0.15423984441273753,232
维嘉设计,2024,6.6809613156555825,2.0,103.96398462521535,0.10354978548328221,212
维联创8kic1,2024,3.044522437723422,1.0000000000000002,3.0000000000000027,0.002988047808764943,3
耀美广告,2024,7.142470104448084,0.9999999999999998,150.40734812927107,0.14980811566660465,240
老土豆先生,2024,1.6094379124341005,1.0,0.9936764431145702,0.000989717572823277,1
老郭的AI程序铺,2024,6.238001393649558,1.0000000000000002,114.66856362411602,0.11421171675708766,217
而优科技,2024,6.710468963622217,1.0,154.85680379039104,0.15423984441274008,232
耘科科技,2024,5.194601839024099,2.0,17.935389790099684,0.01786393405388415,34
聚威益HLrwf,2024,5.596781771843914,1.0,37.828124150361255,0.03767741449239169,43
聚科智能,2024,6.991300308331726,5.0,158.85657023416445,0.1582236755320363,255
聚辉科技,2024,7.080559663723431,3.0000000000000004,174.09297902522292,0.173399381499226,242
腾亿信息科技有限公司,2024,6.136087503230054,1.9999999999999998,85.13471379545648,0.08479553166878136,168
至尊齐铭,2024,3.401197381662155,1.0,5.017317613926436,0.004997328300723542,6
致栩科技,2024,7.050680989264484,6.000000000000001,171.2399380978969,0.1705577072688216,237
般若圈圈,2024,7.186474856693434,6.000000000000001,154.48488814044975,0.15386941049845593,255
良冠传媒,2024,7.260527542961025,3.999999999999999,136.7540112666686,0.13620917456839504,240
艺弘设计,2024,4.437276856963441,7.999999999999998,1.0954240694374842,0.001091059830117016,2
艺心,2024,5.596781771843914,2.0,37.828124150361255,0.03767741449239169,43
艺泽信息技术有限公司,2024,3.721032163662311,2.9999999999999996,2.9980502575510535,0.0029861058342141966,4
艺科设计师,2024,7.142470104448084,0.9999999999999998,150.40734812927107,0.14980811566660465,240
艺言设计,2024,5.694565056318541,8.0,18.748982629830785,0.018674285487879267,45
艾斯设计,2024,5.032143526428882,0.9999999999999998,17.567882456083534,0.017497890892513482,23
艾科设计,2024,3.4544986414325445,0.9999999999999998,3.943852309790157,0.00392813975078701,5
芒肯文化,2024,7.488866993017534,3.9999999999999996,166.98028952500357,0.16631502940737408,259
花酒001,2024,4.73121910726426,1.0,14.209996703540781,0.014153383170857353,17
芳馨嘉园工作室,2024,6.238001393649558,3.0000000000000004,114.66856362411386,0.11421171675708551,217
苏州千行足下软件,2024,4.385053487590445,1.0,10.632472068639713,0.010590111622151108,22
苏州熊猫创意科技有限公司,2024,4.373378773481477,4.0,6.4259301321720965,0.006400328816904478,13
苏州闰元网络科技有限公司,2024,5.611585881109006,6.000000000000001,33.39966385719261,0.033266597467323314,90
莫思柯设计,2024,7.142470104448084,0.9999999999999998,150.40734812927107,0.14980811566660465,240
莫里斯工作室,2024,6.710468963622217,1.0,154.85680379039104,0.15423984441274008,232
菁链团队,2024,6.061412809044978,7.0,42.095452573162845,0.0419277416067359,131
菠菜软件定制工作室,2024,6.015619360385847,6.000000000000001,27.717664953247365,0.02760723600921052,64
虎三,2024,3.2896256060050515,2.0000000000000004,2.29683216273165,0.0022876814369837154,6
虎虎666,2024,4.501135424923627,1.0,9.753819729270955,0.009714959889712107,15
蜜蜂工作室,2024,2.9921969608854835,0.9999999999999998,3.8178135146590195,0.0038026031022500195,4
襄阳弘创中睿软件开发技术有限公司,2024,6.710468963622217,1.0,154.85680379039104,0.15423984441274008,232
西安神兽科技有限公司,2024,6.057688962580212,2.0000000000000004,55.97876780724776,0.05575574482793602,114
西格玛科技,2024,6.710468963622217,1.0,154.85680379039104,0.15423984441274008,232
西蒙_M,2024,7.142470104448084,0.9999999999999998,150.40734812927107,0.14980811566660465,240
见字如面,2024,5.792864210815884,2.0,35.22583762808267,0.03508549564550067,50
见日智能科技,2024,6.710468963622217,2.0,154.85680379039104,0.15423984441274008,232
见证奇迹,2024,5.596781771843914,2.0,37.828124150361255,0.03767741449239169,43
视界剪辑室,2024,4.300524654028781,1.0,16.523577107275827,0.016457746122784687,20
视觉灵动.设计,2024,6.6809613156555825,1.0,103.96398462521535,0.10354978548328221,212
言叶LBA平面设计工作室,2024,5.633548608369647,3.0,23.76545154604157,0.02367076847215296,83
設舆剑,2024,6.6809613156555825,1.0,103.96398462521535,0.10354978548328221,212
誉冠设计,2024,6.956324846623822,4.0,95.54275352229979,0.09516210510189223,217
设计不知科技,2024,5.468531131508575,0.9999999999999999,54.2221296967557,0.05400610527565309,162
识亿品牌顾问,2024,3.813228209952874,2.0,4.956052912109441,0.004936307681383905,8
诗轩创艺,2024,1.3862943611198906,1.0,0.0,0.0,0
诸侯视觉,2024,7.142470104448084,15.999999999999996,150.40734812927107,0.14980811566660465,240
诺普品牌 NUOPLE,2024,6.6809613156555825,5.000000000000001,103.96398462521276,0.10354978548327964,212
谨明设计,2024,7.142470104448084,0.9999999999999998,150.40734812927107,0.14980811566660465,240
贝诺一生,2024,6.498998465816073,2.0,90.15457697454872,0.0897953953929768,221
贵州印禾腾广告创意有限公司,2024,7.214674178462231,4.0,121.56961146044964,0.1210852703789339,222
贵州越信网络科技有限公司,2024,6.159937665001143,4.0,65.56376318043546,0.06530255296856122,154
赛特网络--专注20多年的网络增值服务商,2024,7.075854434328566,35.99999999999999,173.46184498624913,0.17277076193849517,242
赞歌创意,2024,7.260527542961025,3.999999999999999,136.7540112666686,0.13620917456839504,240
赫兹设计工作室,2024,7.142470104448084,0.9999999999999998,150.40734812927107,0.14980811566660465,240
赫尔设计工作室,2024,7.142470104448084,0.9999999999999998,150.40734812927107,0.14980811566660465,240
趣玩锤子软件开发,2024,7.057184117937316,4.000000000000001,170.95589062142372,0.17027479145560132,239
躺星耀河,2024,3.7961767664556767,1.0,8.52763298072275,0.008493658347333417,9
辅良科技-定制化软件开发专家,2024,5.3651090269717265,1.9999999999999998,28.993744687149224,0.02887823176010879,115
辛龙科技软件定制,2024,6.6693437827237965,4.0,113.23064332900607,0.1127795252280937,228
辰昔科技,2024,6.2608047030245695,7.0,50.200588401856905,0.050000586057626396,206
边度设计工作室,2024,5.032143526428882,0.9999999999999998,17.567882456083534,0.017497890892513482,23
运筹威幄AbZii,2024,5.596781771843914,1.0,37.828124150361255,0.03767741449239169,43
迪斯尼创意,2024,7.142470104448084,0.9999999999999998,150.40734812927107,0.14980811566660465,240
追梦品牌设计,2024,7.142470104448084,3.999999999999999,150.40734812927107,0.14980811566660465,240
适度品牌设计,2024,7.142470104448084,0.9999999999999998,150.40734812927107,0.14980811566660465,240
逍遥云上逍遥仙,2024,5.596781771843914,1.0,37.828124150361255,0.03767741449239169,43
速 豹 品 牌 设 计,2024,7.142470104448083,13.0,150.407348129269,0.1498081156666026,240
道合优界设计,2024,4.847545900869905,1.0,17.481175833417403,0.017411529714559167,27
道普科技-云软普创,2024,6.710468963622217,8.999999999999998,154.8568037903915,0.15423984441274052,232
道诚科技,2024,6.710468963622217,1.0,154.85680379039104,0.15423984441274008,232
邓韫哲的小店,2024,7.142470104448084,0.9999999999999998,150.40734812927107,0.14980811566660465,240
那一家店,2024,4.73121910726426,1.0,14.209996703540781,0.014153383170857353,17
郑州万瑞,2024,4.597790570909371,0.9999999999999996,12.222884081938535,0.012174187332608102,15
郑州优行优客信息科技有限公司,2024,6.238001393649558,1.0000000000000002,114.66856362411602,0.11421171675708766,217
郑州诺果桐行网络科技有限公司,2024,6.278765011574111,2.0,92.43454301170944,0.092066277900109,177
郑州雕画字节科技有限公司,2024,7.002688770502116,12.0,165.86664803238253,0.16520582473344872,234
酷也孤独,2024,3.6888794541139363,1.0000000000000002,4.713235398969787,0.004694457568695007,7
重庆斯昂科技有限公司,2024,4.039413947788695,1.0,6.392748513022075,0.006367279395440313,8
重庆鹏之跃科技有限公司,2024,6.238001393649558,1.0000000000000002,114.66856362411602,0.11421171675708766,217
重心设计工作室,2024,7.142470104448084,0.9999999999999998,150.40734812927107,0.14980811566660465,240
野创传媒,2024,1.945910149055313,0.9999999999999998,4.275541647005711,0.004258507616539553,5
野雀中国,2024,7.384521090347734,17.000000000000004,156.83843385234266,0.15621357953420584,281
金海岸Design,2024,5.581605100431997,6.0,11.516700495412334,0.011470817226506308,44
金生设计室,2024,7.252128093672777,27.999999999999996,154.53338895168935,0.15391771807937185,244
金科智联,2024,6.710468963622217,1.0,154.85680379039104,0.15423984441274008,232
鑫鑫工作室,2024,5.846390188378713,1.0,33.75032740081801,0.033615863945037856,42
铭睿剪辑,2024,4.300524654028781,1.0,16.523577107275827,0.016457746122784687,20
锐放贸易科技有限公司,2024,5.846390188378713,1.0,33.75032740081801,0.033615863945037856,42
镇添文化传媒,2024,3.4965075614664802,1.0,5.4645290143653575,0.005442757982435615,6
长猿品牌设计,2024,7.142470104448084,0.9999999999999998,150.40734812927107,0.14980811566660465,240
阙歌影视制作服务商,2024,5.3985378935326995,7.0,1.7516499648917412,0.0017446712797726505,2
阳光智诺科技,2024,6.646357079881468,4.0,81.92945942967737,0.0816030472407145,183
陕西品创网络,2024,6.710468963622217,1.0,154.85680379039104,0.15423984441274008,232
陕西大虾软件科技有限公司,2024,6.238001393649558,3.0000000000000004,114.66856362411386,0.11421171675708551,217
隐士设计,2024,7.142470104448084,0.9999999999999998,150.40734812927107,0.14980811566660465,240
隐形人设计工作室,2024,7.401465515056952,35.0,159.81925576146648,0.15918252565883115,250
雅服YVCOc,2024,5.596781771843914,1.0,37.828124150361255,0.03767741449239169,43
雨夜设计工作室,2024,7.142470104448088,15.0,150.40734812926593,0.14980811566659952,240
青岛不二设计,2024,7.142470104448084,0.9999999999999998,150.40734812927107,0.14980811566660465,240
青岛众智创想文化传播有限公司,2024,4.300524654028781,1.0,16.523577107275827,0.016457746122784687,20
青岛减左品牌策划有限公司,2024,7.142470104448084,1.9999999999999996,150.40734812927107,0.14980811566660465,240
青春影视,2024,2.6390573296152597,0.9999999999999998,2.7189142238899935,0.0027080818963047745,3
青狐设计,2024,7.142470104448084,0.9999999999999998,150.40734812927107,0.14980811566660465,240
青韵设计工作室,2024,2.6390573296152597,1.9999999999999996,0.8857626398806728,0.0008822337050604311,1
韩娟娟Alice,2024,5.596781771843914,1.0,37.828124150361255,0.03767741449239169,43
项域网络,2024,6.238001393649558,1.0000000000000002,114.66856362411602,0.11421171675708766,217
颛华科技,2024,3.769830566210458,1.0000000000000002,7.310654798889455,0.0072815286841528435,9
风雷科技,2024,1.9061547465398496,1.0,1.7305673739751697,0.001723672683242201,2
飞扬数字传媒工作室,2024,3.7961767664556767,1.0,8.52763298072275,0.008493658347333417,9
飞洋视觉的商铺,2024,6.6809613156555825,1.0,103.96398462521535,0.10354978548328221,212
高捷翼鑫,2024,5.846390188378713,1.0,33.75032740081801,0.033615863945037856,42
高级工程师M,2024,3.0280290733074113,0.9999999999999998,52.428404248145185,0.0522195261435709,139
鲤杳设计,2024,3.7961767664556767,1.0,8.52763298072275,0.008493658347333417,9
鲲珺传媒设计,2024,7.142470104448084,1.9999999999999996,150.40734812927107,0.14980811566660465,240
鲸叹号●爆款产品包装设计,2024,6.265355868929778,7.999999999999999,51.51435698810562,0.051309120506081295,96
鲸语 科技,2024,5.7463528476908134,8.0,29.33528564648499,0.029218411998491026,78
鸿翼创意设计,2024,6.1815650160123745,9.000000000000002,52.70144533538607,0.05249147941771521,202
麦选设计,2024,7.142470104448084,0.9999999999999998,150.40734812927107,0.14980811566660465,240
麦鹏文化,2024,7.4636960425919705,7.000000000000001,165.67019210677125,0.16501015150076817,259
黑羽网络-网站微信小程序开发,2024,5.90719210169334,8.000000000000002,29.126698726691554,0.029010656102282425,76
鼎慧科技软件定制开发,2024,6.710468963622217,1.0,154.85680379039104,0.15423984441274008,232
龙飞翔Cxah7,2024,4.73121910726426,1.0,14.209996703540781,0.014153383170857353,17
